# Blender v2.83.7 OBJ File: 'Spacecraft1.blend'
# www.blender.org
mtllib Spacecraft1.mtl
o Glass_Icosphere
v 0.341755 2.662167 0.085591
v -0.855990 2.662167 -0.476825
v -0.569884 2.662167 -2.296807
v 0.217673 2.662167 -2.859221
v 0.704414 2.662166 -1.386816
v -0.000001 2.969888 -1.386816
v 1.131294 2.486378 -0.863969
v 0.837127 2.486378 -1.909662
v 0.012897 2.486378 0.314899
v 0.701079 2.486378 -0.008241
v -1.108522 2.486378 -0.857952
v -0.683203 2.486378 -0.011961
v -0.456271 2.486378 -2.761670
v -0.836238 2.486378 -1.915679
v 0.453941 2.486378 -2.765390
v 0.001438 2.486378 -3.088530
v 0.822626 2.701486 -0.534339
v -0.299418 2.701487 -0.007480
v -0.659890 2.701486 -1.386816
v -0.203920 2.701487 -2.766150
v 0.533861 2.701486 -2.239291
v 0.202374 2.879648 -0.534342
v 0.407833 2.879647 -1.386816
v -0.491082 2.879648 -0.859960
v -0.329945 2.879648 -1.913671
v 0.126025 2.879648 -2.239290
v 1.213513 2.436193 -0.825789
v 0.897865 2.436193 -1.947842
v 0.013448 2.436194 0.439163
v 0.751883 2.436194 0.092426
v -1.189860 2.436194 -0.819333
v -0.733483 2.436194 0.088434
v -0.489980 2.436194 -2.862066
v -0.897693 2.436194 -1.954298
v 0.486698 2.436194 -2.866057
v 0.001152 2.436194 -3.212794
vt 0.578796 0.113440
vt 0.598899 0.165271
vt 0.572970 0.165271
vt 0.528726 0.160463
vt 0.551993 0.121221
vt 0.543980 0.192496
vt 0.540686 0.312628
vt 0.536924 0.236545
vt 0.550717 0.280595
vt 0.573609 0.359651
vt 0.555985 0.351869
vt 0.569778 0.307819
vt 0.593957 0.236545
vt 0.586827 0.307819
vt 0.581559 0.236545
vt 0.564510 0.236545
vt 0.599505 0.280260
vt 0.583486 0.351806
vt 0.564570 0.378823
vt 0.545436 0.351495
vt 0.529552 0.280763
vt 0.518169 0.192328
vt 0.535949 0.121596
vt 0.565049 0.094268
vt 0.593818 0.121285
vt 0.611803 0.192831
vt 0.203998 0.591996
vt 0.233810 0.591996
vt 0.233810 0.588459
vt 0.203998 0.588459
vt 0.166937 0.591996
vt 0.136782 0.591996
vt 0.136782 0.588459
vt 0.166937 0.588459
vt 0.185627 0.591996
vt 0.161097 0.591996
vt 0.161097 0.588459
vt 0.185627 0.588459
vt 0.136913 0.591996
vt 0.166725 0.591996
vt 0.166725 0.588459
vt 0.136913 0.588459
vt 0.169094 0.591996
vt 0.185224 0.591996
vt 0.185224 0.588459
vt 0.169094 0.588459
vt 0.209878 0.591996
vt 0.209878 0.588459
vt 0.233941 0.591996
vt 0.203786 0.591996
vt 0.203786 0.588459
vt 0.233941 0.588459
vt 0.201169 0.591996
vt 0.201169 0.588459
vn 0.2712 0.7449 0.6095
vn 0.5559 0.8021 0.2181
vn 0.1050 0.9762 0.1896
vn -0.6480 0.7046 0.2892
vn -0.2264 0.8361 0.4996
vn -0.3318 0.9413 0.0616
vn -0.6524 0.7027 -0.2837
vn -0.5723 0.8132 -0.1053
vn -0.3425 0.9304 -0.1303
vn 0.3551 0.7359 -0.5765
vn -0.3104 0.8214 -0.4784
vn 0.1338 0.9698 -0.2037
vn 0.5638 0.8176 -0.1167
vn 0.5964 0.7646 -0.2441
vn 0.3903 0.9196 -0.0453
vn 0.0143 0.9998 -0.0094
vn 0.5979 0.7827 -0.1729
vn 0.5439 0.7520 -0.3724
vn -0.0103 0.8664 -0.4993
vn -0.5144 0.7674 -0.3827
vn -0.6013 0.7815 -0.1665
vn -0.5496 0.8354 -0.0001
vn -0.3997 0.8267 0.3960
vn -0.0115 0.8633 0.5045
vn 0.4196 0.8220 0.3850
vn 0.5423 0.8401 -0.0062
vn -0.3446 0.8808 -0.3246
vn -0.5433 0.8163 -0.1961
vn 0.2778 0.9083 0.3126
vn 0.4943 0.8661 0.0740
vn -0.2788 0.9075 0.3140
vn 0.0003 0.9272 0.3745
vn -0.4960 0.8647 0.0791
vn -0.0002 0.9272 -0.3745
vn 0.5451 0.8136 -0.2023
vn 0.3457 0.8798 -0.3261
usemtl ColorBrillante
s 1
f 1/1/1 17/2/2 22/3/3
f 2/4/4 18/5/5 24/6/6
f 3/7/7 19/8/8 25/9/9
f 4/10/10 20/11/11 26/12/12
f 5/13/13 21/14/14 23/15/15
f 23/15/15 26/12/12 6/16/16
f 23/15/15 21/14/14 26/12/12
f 21/14/14 4/10/10 26/12/12
f 26/12/12 25/9/9 6/16/16
f 26/12/12 20/11/11 25/9/9
f 20/11/11 3/7/7 25/9/9
f 25/9/9 24/6/6 6/16/16
f 25/9/9 19/8/8 24/6/6
f 19/8/8 2/4/4 24/6/6
f 24/6/6 22/3/3 6/16/16
f 24/6/6 18/5/5 22/3/3
f 18/5/5 1/1/1 22/3/3
f 22/3/3 23/15/15 6/16/16
f 22/3/3 17/2/2 23/15/15
f 17/2/2 5/13/13 23/15/15
f 8/17/17 21/14/14 5/13/13
f 8/17/17 15/18/18 21/14/14
f 15/18/18 4/10/10 21/14/14
f 16/19/19 20/11/11 4/10/10
f 16/19/19 13/20/20 20/11/11
f 13/20/20 3/7/7 20/11/11
f 14/21/21 19/8/8 3/7/7
f 14/21/21 11/22/22 19/8/8
f 11/22/22 2/4/4 19/8/8
f 12/23/23 18/5/5 2/4/4
f 12/23/23 9/24/24 18/5/5
f 9/24/24 1/1/1 18/5/5
f 10/25/25 17/2/2 1/1/1
f 10/25/25 7/26/26 17/2/2
f 7/26/26 5/13/13 17/2/2
f 15/18/18 16/19/19 4/10/10
f 13/20/20 14/21/21 3/7/7
f 11/22/22 12/23/23 2/4/4
f 9/24/24 10/25/25 1/1/1
f 7/26/26 8/17/17 5/13/13
f 14/27/21 13/28/20 33/29/27 34/30/28
f 7/31/26 10/32/25 30/33/29 27/34/30
f 9/35/24 12/36/23 32/37/31 29/38/32
f 12/39/23 11/40/22 31/41/33 32/42/31
f 11/40/22 14/27/21 34/30/28 31/41/33
f 13/43/20 16/44/19 36/45/34 33/46/27
f 10/47/25 9/35/24 29/38/32 30/48/29
f 15/49/18 8/50/17 28/51/35 35/52/36
f 16/44/19 15/53/18 35/54/36 36/45/34
f 8/50/17 7/31/26 27/34/30 28/51/35
o SpacecraftShape_Cylinder
v 5.861485 3.285055 -0.753101
v 5.861485 3.285055 0.310458
v 6.523164 3.285055 -0.753101
v 6.523164 3.285055 0.310458
v 7.096193 2.954216 -0.753101
v 7.096193 2.954216 0.310458
v 7.427032 2.381186 -0.753101
v 7.427032 2.381186 0.310458
v 7.427032 1.719508 -0.753101
v 7.427032 1.719508 0.310458
v 7.096193 1.146479 -0.753101
v 7.096193 1.146479 0.310458
v 6.523164 0.815640 -0.753101
v 6.523164 0.815640 0.310458
v 5.861486 0.815640 -0.753101
v 5.861486 0.815640 0.310458
v 5.288456 1.146478 -0.753101
v 5.288456 1.146478 0.310458
v 4.957618 1.719508 -0.753101
v 4.957618 1.719507 0.310458
v 6.760868 1.481804 -0.753101
v 6.968969 1.842246 -0.753101
v 5.288455 2.954215 -0.753101
v 5.288455 2.954215 0.310458
v 4.468392 1.000000 5.615611
v 4.324441 -1.000000 5.615611
v 3.554354 0.363169 7.615611
v 3.399479 -0.355220 7.615611
v 2.877776 1.000000 5.615611
v 2.877776 -1.000000 5.615611
v 3.385404 0.363169 7.615611
v 2.806953 2.064102 2.210941
v 2.706660 0.064101 2.210941
v 1.698735 2.064102 2.210941
v 1.698735 0.064101 2.210941
v 2.806953 2.064102 -1.032074
v 2.706660 0.064101 -1.032074
v 6.968969 2.258448 -0.753101
v 2.706660 0.064101 0.589433
v 2.806953 2.064102 0.589433
v 1.477393 0.064101 -3.057351
v 1.577686 2.064102 -3.057351
v 6.760868 2.618890 -0.753101
v 0.900361 0.075440 -6.174333
v 0.854796 2.064102 -6.206821
v 6.400426 2.826992 -0.753101
v 0.164762 0.064101 -8.281032
v 0.265057 2.064102 -8.281032
v 4.933345 -0.000000 5.615611
v 3.385404 -0.000000 7.615611
v 4.019306 0.000000 7.615611
v 2.471366 -0.000000 5.615611
v 3.415581 1.064102 2.210941
v 3.415581 1.064102 -1.032074
v 0.577153 1.433506 4.334937
v 3.415581 1.064102 0.589433
v 2.186314 1.064102 -3.057351
v 1.463423 1.064101 -6.206821
v 0.873684 1.064102 -8.281032
v 0.203883 1.072242 -8.417819
v 1.115947 0.064101 -4.632085
v 1.216241 2.064102 -4.632085
v 5.984223 2.826992 -0.753101
v 1.824869 1.064102 -4.632085
v 2.271604 -0.467949 3.913276
v 3.769213 -0.467949 3.913276
v 3.918233 1.532051 3.913276
v 2.271605 1.532051 3.913276
v 1.850883 0.532051 3.913276
v 4.526752 0.532051 3.913276
v 2.911666 1.892055 -0.753100
v 2.911666 1.892055 0.310459
v 3.310869 1.236148 -0.753100
v 3.310869 1.236148 0.310459
v 3.715326 2.381185 -0.753100
v 3.715326 2.381185 0.310459
v 4.114530 1.725278 -0.753100
v 4.114530 1.725278 0.310459
v 4.957617 2.381185 -0.753100
v 4.957617 2.381185 0.310459
v 3.601108 -1.000000 5.615611
v 3.673084 1.000000 5.615611
v 2.202698 0.064101 2.210941
v 2.252844 2.064102 2.210941
v 1.920857 0.064101 -1.032074
v 1.679419 2.064102 -1.032074
v 1.679419 2.064102 0.589433
v 1.920857 0.064101 0.901294
v 0.738697 0.064101 -3.057351
v 1.064785 2.064102 -3.057351
v 0.377251 0.064101 -6.206821
v 0.703341 2.064102 -6.206821
v 0.082381 0.064101 -8.437016
v 0.132528 2.064102 -8.437016
v 0.564056 1.064101 -8.589396
v 0.884063 2.064102 -4.632085
v 0.557974 0.064101 -4.632085
v 4.230523 2.802640 5.454084
v 1.403477 2.436193 -1.032074
v 1.403477 2.436193 0.589433
v 0.788843 2.436193 -3.057351
v 0.427398 2.436193 -6.206821
v 0.132528 2.436193 -7.769022
v 0.608121 2.436193 -4.632085
v 6.400426 1.273703 -0.753101
v 5.984224 1.273703 -0.753101
v 5.623782 1.481804 -0.753101
v 5.415680 1.842245 -0.753101
v 5.623781 2.618890 -0.753101
v 5.415680 2.258448 -0.753100
v 6.760868 1.481804 -1.800172
v 6.968969 1.842246 -1.800172
v 6.968969 2.258448 -1.800172
v 6.760868 2.618890 -1.800172
v 6.400426 2.826992 -1.800172
v 5.984223 2.826992 -1.800172
v 6.400426 1.273703 -1.800172
v 5.984224 1.273703 -1.800172
v 5.623782 1.481804 -1.800172
v 5.415680 1.842245 -1.800172
v 5.623781 2.618890 -1.800172
v 5.415680 2.258448 -1.800171
v 6.487442 1.755230 -1.800173
v 6.595462 1.942327 -1.800173
v 6.595462 2.158367 -1.800173
v 6.487442 2.345464 -1.800173
v 6.300345 2.453484 -1.800173
v 6.084304 2.453484 -1.800173
v 6.300345 1.647210 -1.800173
v 6.084305 1.647210 -1.800173
v 5.897208 1.755230 -1.800173
v 5.789187 1.942326 -1.800173
v 5.897208 2.345464 -1.800173
v 5.789187 2.158367 -1.800172
v 6.487442 1.755231 -4.783609
v 6.595462 1.942327 -4.783609
v 6.595462 2.158368 -4.783609
v 6.487442 2.345464 -4.783609
v 6.300345 2.453485 -4.783609
v 6.084304 2.453485 -4.783609
v 6.300345 1.647211 -4.783609
v 6.084305 1.647210 -4.783609
v 5.897208 1.755231 -4.783609
v 5.789187 1.942327 -4.783609
v 5.897208 2.345464 -4.783609
v 5.789187 2.158368 -4.783609
v 5.983896 2.828213 0.310458
v 6.400753 2.828213 0.310458
v 6.761762 2.619784 0.310458
v 6.970191 2.258775 0.310458
v 6.970190 1.841918 0.310458
v 6.761762 1.480910 0.310458
v 6.400753 1.272481 0.310458
v 5.983896 1.272481 0.310458
v 5.622888 1.480909 0.310458
v 5.414459 1.841918 0.310458
v 5.622887 2.619784 0.310458
v 5.414459 2.258775 0.310458
v 6.038939 2.622789 1.805088
v 6.345710 2.622789 1.805088
v 6.604858 2.479233 1.799838
v 6.764767 2.203732 1.805088
v 6.764767 1.896961 1.805088
v 6.611382 1.631290 1.805088
v 6.345710 1.477905 1.805088
v 6.038939 1.477905 1.805088
v 5.773268 1.631290 1.805088
v 5.619883 1.896961 1.805088
v 5.773268 2.469404 1.805088
v 5.619882 2.203732 1.805088
v 5.414459 1.841918 1.097105
v 5.414459 2.258775 1.097106
v 5.983896 2.828213 1.097105
v 6.400753 2.828213 1.097105
v 5.983896 1.272481 1.097105
v 5.622888 1.480909 1.097105
v 6.970190 1.841918 1.097105
v 6.761762 1.480910 1.097105
v 5.622887 2.619784 1.097105
v 6.761762 2.619784 1.097105
v 6.400753 1.272481 1.097105
v 6.970191 2.258775 1.097105
v 6.067129 2.517585 1.805088
v 6.317521 2.517585 1.805088
v 6.534366 2.392389 1.805088
v 6.659562 2.175543 1.805088
v 6.659562 1.925151 1.805088
v 6.534366 1.708305 1.805088
v 6.317521 1.583110 1.805088
v 6.067129 1.583110 1.805088
v 5.850283 1.708305 1.805088
v 5.725088 1.925151 1.805088
v 5.850283 2.392388 1.805088
v 5.725087 2.175543 1.805088
v 6.109169 2.360686 0.995410
v 6.275480 2.360686 0.995410
v 6.419509 2.277531 0.995410
v 6.502664 2.133502 0.995410
v 6.502664 1.967192 0.995410
v 6.419509 1.823163 0.995410
v 6.275480 1.740008 0.995410
v 6.109170 1.740008 0.995410
v 5.965141 1.823163 0.995410
v 5.881986 1.967192 0.995410
v 5.965141 2.277531 0.995410
v 5.881986 2.133502 0.995410
v 6.377411 1.865262 -4.783610
v 6.445157 1.982601 -4.783610
v 6.445157 2.118094 -4.783610
v 6.377411 2.235434 -4.783610
v 6.260071 2.303180 -4.783610
v 6.124578 2.303180 -4.783610
v 6.260071 1.797515 -4.783610
v 6.124579 1.797515 -4.783610
v 6.007239 1.865261 -4.783610
v 5.939492 1.982601 -4.783610
v 6.007239 2.235434 -4.783610
v 5.939492 2.118094 -4.783609
v 6.377410 1.865261 -5.302433
v 6.445156 1.982601 -5.302433
v 6.445156 2.118093 -5.302433
v 6.377410 2.235433 -5.302433
v 6.260070 2.303180 -5.302433
v 6.124578 2.303180 -5.302433
v 6.260070 1.797515 -5.302433
v 6.124578 1.797515 -5.302433
v 6.007238 1.865261 -5.302433
v 5.939491 1.982601 -5.302433
v 6.007238 2.235433 -5.302433
v 5.939491 2.118093 -5.302432
v 6.283179 1.959492 -5.302433
v 6.316435 2.017092 -5.302433
v 6.316435 2.083603 -5.302433
v 6.283179 2.141203 -5.302433
v 6.225579 2.174458 -5.302433
v 6.159068 2.174458 -5.302433
v 6.225579 1.926236 -5.302433
v 6.159069 1.926236 -5.302433
v 6.101469 1.959492 -5.302433
v 6.068213 2.017092 -5.302433
v 6.101469 2.141203 -5.302433
v 6.068213 2.083603 -5.302433
v 6.192325 2.050347 -8.085440
v 6.257448 -0.294056 4.552051
v 6.257448 -0.294056 5.615610
v 6.919127 -0.294056 4.552051
v 6.919127 -0.294056 5.615610
v 7.492156 -0.624894 4.552051
v 7.492156 -0.624894 5.615610
v 7.822995 -1.197924 4.552051
v 7.822995 -1.197924 5.615610
v 7.822994 -1.859602 4.552051
v 7.822994 -1.859602 5.615610
v 7.492156 -2.432632 4.552051
v 7.492156 -2.432632 5.615610
v 6.919127 -2.763470 4.552051
v 6.919127 -2.763470 5.615610
v 6.257449 -2.763470 4.552051
v 6.257449 -2.763470 5.615610
v 5.684419 -2.432632 4.552051
v 5.684419 -2.432632 5.615610
v 5.353580 -1.859603 4.552051
v 5.353580 -1.859603 5.615610
v 7.156831 -2.097306 4.552051
v 7.364932 -1.736865 4.552051
v 5.684418 -0.624895 4.552051
v 5.684418 -0.624895 5.615610
v 7.364932 -1.320662 4.552051
v 7.156831 -0.960220 4.552051
v 6.796389 -0.752119 4.552051
v 6.380186 -0.752119 4.552051
v 4.620582 -1.197925 4.552052
v 4.620582 -1.197925 5.615611
v 4.620582 -1.853832 4.552052
v 4.620582 -1.853832 5.615611
v 5.353580 -1.197925 4.552052
v 5.353580 -1.197925 5.615611
v 6.796389 -2.305407 4.552051
v 6.380187 -2.305408 4.552051
v 6.019744 -2.097306 4.552051
v 5.811643 -1.736865 4.552051
v 6.019744 -0.960220 4.552051
v 5.811643 -1.320662 4.552052
v 7.156831 -2.097306 3.504980
v 7.364932 -1.736865 3.504980
v 7.364932 -1.320662 3.504980
v 7.156831 -0.960220 3.504980
v 6.796389 -0.752119 3.504980
v 6.380186 -0.752119 3.504980
v 6.796389 -2.305407 3.504980
v 6.380187 -2.305408 3.504980
v 6.019744 -2.097306 3.504980
v 5.811643 -1.736865 3.504980
v 6.019744 -0.960220 3.504980
v 5.811643 -1.320662 3.504981
v 6.883404 -1.823880 3.504979
v 6.991425 -1.636784 3.504979
v 6.991425 -1.420743 3.504979
v 6.883404 -1.233646 3.504979
v 6.696308 -1.125626 3.504979
v 6.480267 -1.125626 3.504979
v 6.696308 -1.931900 3.504979
v 6.480268 -1.931900 3.504979
v 6.293170 -1.823880 3.504979
v 6.185150 -1.636784 3.504979
v 6.293170 -1.233647 3.504979
v 6.185150 -1.420743 3.504980
v 6.883404 -1.823879 0.521543
v 6.991425 -1.636783 0.521543
v 6.991425 -1.420742 0.521543
v 6.883404 -1.233646 0.521543
v 6.696308 -1.125625 0.521543
v 6.480267 -1.125625 0.521543
v 6.696308 -1.931899 0.521543
v 6.480268 -1.931900 0.521543
v 6.293170 -1.823879 0.521543
v 6.185150 -1.636783 0.521543
v 6.293170 -1.233646 0.521543
v 6.185150 -1.420743 0.521543
v 6.379858 -0.750897 5.615610
v 6.796716 -0.750897 5.615610
v 7.157725 -0.959326 5.615610
v 7.366153 -1.320335 5.615610
v 7.366153 -1.737192 5.615610
v 7.157725 -2.098201 5.615610
v 6.796716 -2.306628 5.615610
v 6.379859 -2.306629 5.615610
v 6.018850 -2.098201 5.615610
v 5.810422 -1.737192 5.615610
v 6.018850 -0.959327 5.615610
v 5.810421 -1.320335 5.615610
v 6.434902 -0.956321 7.110240
v 6.741673 -0.956321 7.110240
v 7.007344 -1.109706 7.110240
v 7.160730 -1.375378 7.110240
v 7.160729 -1.682149 7.110240
v 7.007344 -1.947820 7.110240
v 6.741673 -2.101205 7.110240
v 6.434902 -2.101206 7.110240
v 6.169230 -1.947820 7.110240
v 6.015845 -1.682149 7.110240
v 6.169230 -1.109707 7.110240
v 6.015845 -1.375378 7.110240
v 5.810422 -1.737192 6.402257
v 5.810421 -1.320335 6.402257
v 6.379858 -0.750897 6.402257
v 6.796716 -0.750897 6.402257
v 6.379859 -2.306629 6.402257
v 6.018850 -2.098201 6.402257
v 7.366153 -1.737192 6.402257
v 7.157725 -2.098201 6.402257
v 6.018850 -0.959327 6.402257
v 7.157725 -0.959326 6.402257
v 6.796716 -2.306628 6.402257
v 7.366153 -1.320335 6.402257
v 6.463091 -1.061526 7.110240
v 6.713483 -1.061526 7.110240
v 6.930329 -1.186722 7.110240
v 7.055525 -1.403567 7.110240
v 7.055525 -1.653959 7.110240
v 6.930329 -1.870805 7.110240
v 6.713483 -1.996001 7.110240
v 6.463092 -1.996001 7.110240
v 6.246246 -1.870805 7.110240
v 6.121050 -1.653959 7.110240
v 6.246246 -1.186722 7.110240
v 6.121050 -1.403568 7.110240
v 6.505132 -1.218424 6.300562
v 6.671443 -1.218424 6.300562
v 6.815472 -1.301579 6.300562
v 6.898627 -1.445608 6.300562
v 6.898627 -1.611918 6.300562
v 6.815472 -1.755947 6.300562
v 6.671443 -1.839102 6.300562
v 6.505133 -1.839102 6.300562
v 6.361104 -1.755947 6.300562
v 6.277948 -1.611918 6.300562
v 6.361104 -1.301579 6.300562
v 6.277948 -1.445608 6.300562
v 6.773374 -1.713849 0.521542
v 6.841120 -1.596509 0.521542
v 6.841120 -1.461016 0.521542
v 6.773374 -1.343676 0.521542
v 6.656034 -1.275930 0.521542
v 6.520541 -1.275930 0.521542
v 6.656034 -1.781595 0.521542
v 6.520542 -1.781595 0.521542
v 6.403202 -1.713849 0.521542
v 6.335455 -1.596509 0.521542
v 6.403202 -1.343677 0.521542
v 6.335455 -1.461016 0.521543
v 6.773373 -1.713849 0.002719
v 6.841119 -1.596509 0.002719
v 6.841119 -1.461017 0.002719
v 6.773373 -1.343677 0.002719
v 6.656033 -1.275931 0.002719
v 6.520540 -1.275931 0.002719
v 6.656033 -1.781595 0.002719
v 6.520541 -1.781595 0.002719
v 6.403201 -1.713849 0.002719
v 6.335454 -1.596509 0.002719
v 6.403201 -1.343677 0.002719
v 6.335454 -1.461017 0.002720
v 6.679142 -1.619618 0.002719
v 6.712398 -1.562018 0.002719
v 6.712398 -1.495507 0.002719
v 6.679142 -1.437907 0.002719
v 6.621542 -1.404652 0.002719
v 6.555031 -1.404652 0.002719
v 6.621542 -1.652874 0.002719
v 6.555031 -1.652874 0.002719
v 6.497431 -1.619618 0.002719
v 6.464175 -1.562018 0.002719
v 6.497431 -1.437907 0.002719
v 6.464175 -1.495507 0.002719
v 6.588287 -1.528763 -2.780288
v 2.755257 0.132652 1.988630
v 2.755257 0.132652 -0.809764
v 2.755257 0.132652 0.589433
v 3.366984 0.995551 1.988630
v 3.366984 0.995551 -0.809764
v 3.366984 0.995551 0.589433
v 2.647718 0.208889 1.988630
v 2.647718 0.208889 -0.809764
v 2.647718 0.208889 0.589433
v 3.259445 1.071788 1.988630
v 3.259445 1.071788 -0.809764
v 3.259445 1.071788 0.589433
v 2.671912 0.130879 -1.167317
v 1.606820 0.130879 -2.922108
v 3.286154 0.997324 -1.167317
v 2.221061 0.997324 -2.922108
v 2.571074 0.202366 -1.106111
v 1.505981 0.202366 -2.860902
v 3.185315 1.068811 -1.106111
v 2.120223 1.068811 -2.860902
v 0.367509 1.070365 -8.591215
v 0.561336 0.147624 -8.171534
v 1.735225 1.063812 -3.158161
v 1.261810 1.045038 -6.191342
v 0.891138 1.064102 -8.187053
v 0.128508 1.855742 -8.471539
v 1.498518 1.054425 -4.674751
v 0.226833 0.151658 -8.281032
v 0.113417 0.151658 -8.450358
v 1.405423 0.179109 -3.142641
v 0.932008 0.160335 -6.175822
v 1.168716 0.169722 -4.659231
v 0.113499 0.353754 -8.482018
v 0.110842 2.048739 -8.333361
v 0.110842 2.375052 -7.747551
v 3.907499 2.381185 -0.588576
v 3.907499 2.381185 0.145935
v 4.765444 2.381185 -0.588576
v 4.765444 2.381185 0.145935
v 3.969604 2.508066 -0.405090
v 3.969604 2.508066 -0.037551
v 4.703338 2.508066 -0.405090
v 4.703338 2.508066 -0.037551
v 4.230523 1.050483 5.454084
v 2.975320 1.050483 5.454084
v 2.726730 2.013618 2.372467
v 1.908153 2.013618 2.372467
v 3.732566 1.532051 3.913276
v 2.426666 1.532051 3.913276
v 3.609878 1.050483 5.454084
v 2.324398 2.013618 2.372467
v 2.975320 2.802640 5.454084
v 2.726730 1.888628 2.372467
v 1.908153 1.888628 2.372467
v 3.732566 1.430210 3.913276
v 2.426666 1.430210 3.913276
v 2.324398 1.888628 2.372467
v 3.086572 1.430210 3.913276
v 4.149663 2.718289 5.442745
v 4.149663 1.130718 5.442745
v 3.056780 1.130718 5.442745
v 3.609278 1.130718 5.442745
v 3.056780 2.718289 5.442745
v 3.609278 2.718289 5.442745
v 4.149663 2.608642 5.339733
v 4.149663 1.130718 5.339733
v 3.056780 1.130718 5.339733
v 3.609278 1.130718 5.339733
v 3.056780 2.608642 5.339733
v 3.609278 2.608642 5.339733
v 3.086572 1.532051 3.913276
v 3.609878 2.802640 5.454084
v 0.545187 0.064101 -3.371297
v 0.255801 0.064101 -5.892875
v 0.400494 0.064101 -4.632085
v 0.402188 -0.119649 -3.791560
v 0.112801 -0.119649 -5.606812
v 0.257494 -0.119649 -4.632085
v 1.457005 -0.119649 1.823859
v 1.881515 -0.119649 1.823859
v 1.644108 -0.119649 -0.907877
v 1.644108 -0.119649 0.581909
v 0.648322 -0.119649 -2.613858
v 1.113556 1.433364 1.785502
v 1.415580 1.064101 2.210941
v 0.568468 1.083205 4.334937
v 0.568468 0.763576 4.334937
v 0.282275 2.109111 5.700497
v 0.753736 1.836912 5.700497
v 1.025934 1.365451 5.700497
v 1.025933 0.821054 5.700497
v 0.753736 0.349593 5.700497
v 0.282275 0.077395 5.700497
v 0.210391 1.840837 7.549684
v 0.548826 1.653358 7.542829
v 0.757660 1.293567 7.549684
v 0.757660 0.892938 7.549684
v 0.557345 0.545983 7.549684
v 0.210391 0.345669 7.549684
v 0.282275 2.109111 6.625091
v 1.025933 0.821054 6.625091
v 0.753736 0.349593 6.625091
v 0.753736 1.836912 6.625091
v 0.282275 0.077395 6.625091
v 1.025934 1.365451 6.625091
v 0.173576 1.703444 7.549684
v 0.456767 1.539944 7.549684
v 0.620267 1.256753 7.549684
v 0.620267 0.929752 7.549684
v 0.456767 0.646562 7.549684
v 0.173576 0.483062 7.549684
v 0.118673 1.498542 6.492282
v 0.306768 1.389945 6.492282
v 0.415365 1.201849 6.492282
v 0.415365 0.984656 6.492282
v 0.306768 0.796561 6.492282
v 0.118673 0.687964 6.492282
v 0.202520 1.800612 4.334937
v 0.525039 1.614405 4.334937
v 0.943384 1.291885 4.926088
v 0.943384 0.919472 4.926088
v 0.525039 0.596952 4.334937
v 0.202520 0.410745 4.334937
v 1.170186 1.433431 2.983828
v 3.020409 -0.467949 3.913276
v -5.861485 3.285055 -0.753101
v -5.861485 3.285055 0.310458
v -6.523164 3.285055 -0.753101
v -6.523164 3.285055 0.310458
v -7.096193 2.954216 -0.753101
v -7.096193 2.954216 0.310458
v -7.427032 2.381186 -0.753101
v -7.427032 2.381186 0.310458
v -7.427032 1.719508 -0.753101
v -7.427032 1.719508 0.310458
v -7.096193 1.146479 -0.753101
v -7.096193 1.146479 0.310458
v -6.523164 0.815640 -0.753101
v -6.523164 0.815640 0.310458
v -5.861486 0.815640 -0.753101
v -5.861486 0.815640 0.310458
v -5.288456 1.146478 -0.753101
v -5.288456 1.146478 0.310458
v -4.957618 1.719508 -0.753101
v -4.957618 1.719507 0.310458
v -6.760868 1.481804 -0.753101
v -6.968969 1.842246 -0.753101
v -5.288455 2.954215 -0.753101
v -5.288455 2.954215 0.310458
v -4.468392 1.000000 5.615611
v -4.324441 -1.000000 5.615611
v -3.554354 0.363169 7.615611
v -3.399479 -0.355220 7.615611
v -2.877776 1.000000 5.615611
v -2.877776 -1.000000 5.615611
v -3.385404 0.363169 7.615611
v -2.806953 2.064102 2.210941
v -2.706660 0.064101 2.210941
v -1.698735 2.064102 2.210941
v -1.698735 0.064101 2.210941
v -2.806953 2.064102 -1.032074
v -2.706660 0.064101 -1.032074
v -6.968969 2.258448 -0.753101
v 0.000000 0.064101 0.901294
v -2.706660 0.064101 0.589433
v -2.806953 2.064102 0.589433
v -1.477393 0.064101 -3.057351
v 0.000000 0.064101 -3.057351
v -1.577686 2.064102 -3.057351
v -6.760868 2.618890 -0.753101
v -0.900361 0.075440 -6.174333
v 0.000000 0.064101 -6.206821
v -0.854796 2.064102 -6.206821
v -6.400426 2.826992 -0.753101
v -0.164762 0.064101 -8.281032
v 0.000000 0.064101 -8.593001
v -0.265057 2.064102 -8.281032
v 0.000000 2.064102 -8.593001
v -4.933345 -0.000000 5.615611
v -3.385404 -0.000000 7.615611
v -4.019306 0.000000 7.615611
v -2.471366 -0.000000 5.615611
v -3.415581 1.064102 2.210941
v -3.415581 1.064102 -1.032074
v -0.577153 1.433506 4.334937
v -3.415581 1.064102 0.589433
v -2.186314 1.064102 -3.057351
v -1.463423 1.064101 -6.206821
v -0.873684 1.064102 -8.281032
v -0.203883 1.072242 -8.417819
v 0.000000 -0.119649 -3.791560
v -1.115947 0.064101 -4.632085
v -1.216241 2.064102 -4.632085
v -5.984223 2.826992 -0.753101
v -1.824869 1.064102 -4.632085
v -2.271604 -0.467949 3.913276
v -3.769213 -0.467949 3.913276
v -3.918233 1.532051 3.913276
v -2.271605 1.532051 3.913276
v -1.850883 0.532051 3.913276
v -4.526752 0.532051 3.913276
v -2.911666 1.892055 -0.753100
v -2.911666 1.892055 0.310459
v -3.310869 1.236148 -0.753100
v -3.310869 1.236148 0.310459
v -3.715326 2.381185 -0.753100
v -3.715326 2.381185 0.310459
v -4.114530 1.725278 -0.753100
v -4.114530 1.725278 0.310459
v -4.957617 2.381185 -0.753100
v -4.957617 2.381185 0.310459
v -3.601108 -1.000000 5.615611
v -3.673084 1.000000 5.615611
v -2.202698 0.064101 2.210941
v -2.252844 2.064102 2.210941
v -1.920857 0.064101 -1.032074
v -1.679419 2.064102 -1.032074
v -1.679419 2.064102 0.589433
v -1.920857 0.064101 0.901294
v -0.738697 0.064101 -3.057351
v -1.064785 2.064102 -3.057351
v -0.377251 0.064101 -6.206821
v -0.703341 2.064102 -6.206821
v -0.082381 0.064101 -8.437016
v -0.132528 2.064102 -8.437016
v -0.564056 1.064101 -8.589396
v -0.884063 2.064102 -4.632085
v -0.557974 0.064101 -4.632085
v -4.230523 2.802640 5.454084
v 0.000000 2.436193 -1.032074
v 0.000000 2.436193 0.901294
v 0.000000 2.436193 -3.057351
v 0.000000 2.436193 -6.206821
v 0.000000 2.436193 -7.617754
v 0.000000 2.436193 -4.632085
v -1.403477 2.436193 -1.032074
v -1.403477 2.436193 0.589433
v -0.788843 2.436193 -3.057351
v -0.427398 2.436193 -6.206821
v -0.132528 2.436193 -7.769022
v -0.608121 2.436193 -4.632085
v -6.400426 1.273703 -0.753101
v -5.984224 1.273703 -0.753101
v -5.623782 1.481804 -0.753101
v -5.415680 1.842245 -0.753101
v -5.623781 2.618890 -0.753101
v -5.415680 2.258448 -0.753100
v -6.760868 1.481804 -1.800172
v -6.968969 1.842246 -1.800172
v -6.968969 2.258448 -1.800172
v -6.760868 2.618890 -1.800172
v -6.400426 2.826992 -1.800172
v -5.984223 2.826992 -1.800172
v -6.400426 1.273703 -1.800172
v -5.984224 1.273703 -1.800172
v -5.623782 1.481804 -1.800172
v -5.415680 1.842245 -1.800172
v -5.623781 2.618890 -1.800172
v -5.415680 2.258448 -1.800171
v -6.487442 1.755230 -1.800173
v -6.595462 1.942327 -1.800173
v -6.595462 2.158367 -1.800173
v -6.487442 2.345464 -1.800173
v -6.300345 2.453484 -1.800173
v -6.084304 2.453484 -1.800173
v -6.300345 1.647210 -1.800173
v -6.084305 1.647210 -1.800173
v -5.897208 1.755230 -1.800173
v -5.789187 1.942326 -1.800173
v -5.897208 2.345464 -1.800173
v -5.789187 2.158367 -1.800172
v -6.487442 1.755231 -4.783609
v -6.595462 1.942327 -4.783609
v -6.595462 2.158368 -4.783609
v -6.487442 2.345464 -4.783609
v -6.300345 2.453485 -4.783609
v -6.084304 2.453485 -4.783609
v -6.300345 1.647211 -4.783609
v -6.084305 1.647210 -4.783609
v -5.897208 1.755231 -4.783609
v -5.789187 1.942327 -4.783609
v -5.897208 2.345464 -4.783609
v -5.789187 2.158368 -4.783609
v -5.983896 2.828213 0.310458
v -6.400753 2.828213 0.310458
v -6.761762 2.619784 0.310458
v -6.970191 2.258775 0.310458
v -6.970190 1.841918 0.310458
v -6.761762 1.480910 0.310458
v -6.400753 1.272481 0.310458
v -5.983896 1.272481 0.310458
v -5.622888 1.480909 0.310458
v -5.414459 1.841918 0.310458
v -5.622887 2.619784 0.310458
v -5.414459 2.258775 0.310458
v -6.038939 2.622789 1.805088
v -6.345710 2.622789 1.805088
v -6.604858 2.479233 1.799838
v -6.764767 2.203732 1.805088
v -6.764767 1.896961 1.805088
v -6.611382 1.631290 1.805088
v -6.345710 1.477905 1.805088
v -6.038939 1.477905 1.805088
v -5.773268 1.631290 1.805088
v -5.619883 1.896961 1.805088
v -5.773268 2.469404 1.805088
v -5.619882 2.203732 1.805088
v -5.414459 1.841918 1.097105
v -5.414459 2.258775 1.097106
v -5.983896 2.828213 1.097105
v -6.400753 2.828213 1.097105
v -5.983896 1.272481 1.097105
v -5.622888 1.480909 1.097105
v -6.970190 1.841918 1.097105
v -6.761762 1.480910 1.097105
v -5.622887 2.619784 1.097105
v -6.761762 2.619784 1.097105
v -6.400753 1.272481 1.097105
v -6.970191 2.258775 1.097105
v -6.067129 2.517585 1.805088
v -6.317521 2.517585 1.805088
v -6.534366 2.392389 1.805088
v -6.659562 2.175543 1.805088
v -6.659562 1.925151 1.805088
v -6.534366 1.708305 1.805088
v -6.317521 1.583110 1.805088
v -6.067129 1.583110 1.805088
v -5.850283 1.708305 1.805088
v -5.725088 1.925151 1.805088
v -5.850283 2.392388 1.805088
v -5.725087 2.175543 1.805088
v -6.109169 2.360686 0.995410
v -6.275480 2.360686 0.995410
v -6.419509 2.277531 0.995410
v -6.502664 2.133502 0.995410
v -6.502664 1.967192 0.995410
v -6.419509 1.823163 0.995410
v -6.275480 1.740008 0.995410
v -6.109170 1.740008 0.995410
v -5.965141 1.823163 0.995410
v -5.881986 1.967192 0.995410
v -5.965141 2.277531 0.995410
v -5.881986 2.133502 0.995410
v -6.377411 1.865262 -4.783610
v -6.445157 1.982601 -4.783610
v -6.445157 2.118094 -4.783610
v -6.377411 2.235434 -4.783610
v -6.260071 2.303180 -4.783610
v -6.124578 2.303180 -4.783610
v -6.260071 1.797515 -4.783610
v -6.124579 1.797515 -4.783610
v -6.007239 1.865261 -4.783610
v -5.939492 1.982601 -4.783610
v -6.007239 2.235434 -4.783610
v -5.939492 2.118094 -4.783609
v -6.377410 1.865261 -5.302433
v -6.445156 1.982601 -5.302433
v -6.445156 2.118093 -5.302433
v -6.377410 2.235433 -5.302433
v -6.260070 2.303180 -5.302433
v -6.124578 2.303180 -5.302433
v -6.260070 1.797515 -5.302433
v -6.124578 1.797515 -5.302433
v -6.007238 1.865261 -5.302433
v -5.939491 1.982601 -5.302433
v -6.007238 2.235433 -5.302433
v -5.939491 2.118093 -5.302432
v -6.283179 1.959492 -5.302433
v -6.316435 2.017092 -5.302433
v -6.316435 2.083603 -5.302433
v -6.283179 2.141203 -5.302433
v -6.225579 2.174458 -5.302433
v -6.159068 2.174458 -5.302433
v -6.225579 1.926236 -5.302433
v -6.159069 1.926236 -5.302433
v -6.101469 1.959492 -5.302433
v -6.068213 2.017092 -5.302433
v -6.101469 2.141203 -5.302433
v -6.068213 2.083603 -5.302433
v -6.192325 2.050347 -8.085440
v -6.257448 -0.294056 4.552051
v -6.257448 -0.294056 5.615610
v -6.919127 -0.294056 4.552051
v -6.919127 -0.294056 5.615610
v -7.492156 -0.624894 4.552051
v -7.492156 -0.624894 5.615610
v -7.822995 -1.197924 4.552051
v -7.822995 -1.197924 5.615610
v -7.822994 -1.859602 4.552051
v -7.822994 -1.859602 5.615610
v -7.492156 -2.432632 4.552051
v -7.492156 -2.432632 5.615610
v -6.919127 -2.763470 4.552051
v -6.919127 -2.763470 5.615610
v -6.257449 -2.763470 4.552051
v -6.257449 -2.763470 5.615610
v -5.684419 -2.432632 4.552051
v -5.684419 -2.432632 5.615610
v -5.353580 -1.859603 4.552051
v -5.353580 -1.859603 5.615610
v -7.156831 -2.097306 4.552051
v -7.364932 -1.736865 4.552051
v -5.684418 -0.624895 4.552051
v -5.684418 -0.624895 5.615610
v -7.364932 -1.320662 4.552051
v -7.156831 -0.960220 4.552051
v -6.796389 -0.752119 4.552051
v -6.380186 -0.752119 4.552051
v -4.620582 -1.197925 4.552052
v -4.620582 -1.197925 5.615611
v -4.620582 -1.853832 4.552052
v -4.620582 -1.853832 5.615611
v -5.353580 -1.197925 4.552052
v -5.353580 -1.197925 5.615611
v -6.796389 -2.305407 4.552051
v -6.380187 -2.305408 4.552051
v -6.019744 -2.097306 4.552051
v -5.811643 -1.736865 4.552051
v -6.019744 -0.960220 4.552051
v -5.811643 -1.320662 4.552052
v -7.156831 -2.097306 3.504980
v -7.364932 -1.736865 3.504980
v -7.364932 -1.320662 3.504980
v -7.156831 -0.960220 3.504980
v -6.796389 -0.752119 3.504980
v -6.380186 -0.752119 3.504980
v -6.796389 -2.305407 3.504980
v -6.380187 -2.305408 3.504980
v -6.019744 -2.097306 3.504980
v -5.811643 -1.736865 3.504980
v -6.019744 -0.960220 3.504980
v -5.811643 -1.320662 3.504981
v -6.883404 -1.823880 3.504979
v -6.991425 -1.636784 3.504979
v -6.991425 -1.420743 3.504979
v -6.883404 -1.233646 3.504979
v -6.696308 -1.125626 3.504979
v -6.480267 -1.125626 3.504979
v -6.696308 -1.931900 3.504979
v -6.480268 -1.931900 3.504979
v -6.293170 -1.823880 3.504979
v -6.185150 -1.636784 3.504979
v -6.293170 -1.233647 3.504979
v -6.185150 -1.420743 3.504980
v -6.883404 -1.823879 0.521543
v -6.991425 -1.636783 0.521543
v -6.991425 -1.420742 0.521543
v -6.883404 -1.233646 0.521543
v -6.696308 -1.125625 0.521543
v -6.480267 -1.125625 0.521543
v -6.696308 -1.931899 0.521543
v -6.480268 -1.931900 0.521543
v -6.293170 -1.823879 0.521543
v -6.185150 -1.636783 0.521543
v -6.293170 -1.233646 0.521543
v -6.185150 -1.420743 0.521543
v -6.379858 -0.750897 5.615610
v -6.796716 -0.750897 5.615610
v -7.157725 -0.959326 5.615610
v -7.366153 -1.320335 5.615610
v -7.366153 -1.737192 5.615610
v -7.157725 -2.098201 5.615610
v -6.796716 -2.306628 5.615610
v -6.379859 -2.306629 5.615610
v -6.018850 -2.098201 5.615610
v -5.810422 -1.737192 5.615610
v -6.018850 -0.959327 5.615610
v -5.810421 -1.320335 5.615610
v -6.434902 -0.956321 7.110240
v -6.741673 -0.956321 7.110240
v -7.007344 -1.109706 7.110240
v -7.160730 -1.375378 7.110240
v -7.160729 -1.682149 7.110240
v -7.007344 -1.947820 7.110240
v -6.741673 -2.101205 7.110240
v -6.434902 -2.101206 7.110240
v -6.169230 -1.947820 7.110240
v -6.015845 -1.682149 7.110240
v -6.169230 -1.109707 7.110240
v -6.015845 -1.375378 7.110240
v -5.810422 -1.737192 6.402257
v -5.810421 -1.320335 6.402257
v -6.379858 -0.750897 6.402257
v -6.796716 -0.750897 6.402257
v -6.379859 -2.306629 6.402257
v -6.018850 -2.098201 6.402257
v -7.366153 -1.737192 6.402257
v -7.157725 -2.098201 6.402257
v -6.018850 -0.959327 6.402257
v -7.157725 -0.959326 6.402257
v -6.796716 -2.306628 6.402257
v -7.366153 -1.320335 6.402257
v -6.463091 -1.061526 7.110240
v -6.713483 -1.061526 7.110240
v -6.930329 -1.186722 7.110240
v -7.055525 -1.403567 7.110240
v -7.055525 -1.653959 7.110240
v -6.930329 -1.870805 7.110240
v -6.713483 -1.996001 7.110240
v -6.463092 -1.996001 7.110240
v -6.246246 -1.870805 7.110240
v -6.121050 -1.653959 7.110240
v -6.246246 -1.186722 7.110240
v -6.121050 -1.403568 7.110240
v -6.505132 -1.218424 6.300562
v -6.671443 -1.218424 6.300562
v -6.815472 -1.301579 6.300562
v -6.898627 -1.445608 6.300562
v -6.898627 -1.611918 6.300562
v -6.815472 -1.755947 6.300562
v -6.671443 -1.839102 6.300562
v -6.505133 -1.839102 6.300562
v -6.361104 -1.755947 6.300562
v -6.277948 -1.611918 6.300562
v -6.361104 -1.301579 6.300562
v -6.277948 -1.445608 6.300562
v -6.773374 -1.713849 0.521542
v -6.841120 -1.596509 0.521542
v -6.841120 -1.461016 0.521542
v -6.773374 -1.343676 0.521542
v -6.656034 -1.275930 0.521542
v -6.520541 -1.275930 0.521542
v -6.656034 -1.781595 0.521542
v -6.520542 -1.781595 0.521542
v -6.403202 -1.713849 0.521542
v -6.335455 -1.596509 0.521542
v -6.403202 -1.343677 0.521542
v -6.335455 -1.461016 0.521543
v -6.773373 -1.713849 0.002719
v -6.841119 -1.596509 0.002719
v -6.841119 -1.461017 0.002719
v -6.773373 -1.343677 0.002719
v -6.656033 -1.275931 0.002719
v -6.520540 -1.275931 0.002719
v -6.656033 -1.781595 0.002719
v -6.520541 -1.781595 0.002719
v -6.403201 -1.713849 0.002719
v -6.335454 -1.596509 0.002719
v -6.403201 -1.343677 0.002719
v -6.335454 -1.461017 0.002720
v -6.679142 -1.619618 0.002719
v -6.712398 -1.562018 0.002719
v -6.712398 -1.495507 0.002719
v -6.679142 -1.437907 0.002719
v -6.621542 -1.404652 0.002719
v -6.555031 -1.404652 0.002719
v -6.621542 -1.652874 0.002719
v -6.555031 -1.652874 0.002719
v -6.497431 -1.619618 0.002719
v -6.464175 -1.562018 0.002719
v -6.497431 -1.437907 0.002719
v -6.464175 -1.495507 0.002719
v -6.588287 -1.528763 -2.780288
v -2.755257 0.132652 1.988630
v -2.755257 0.132652 -0.809764
v -2.755257 0.132652 0.589433
v -3.366984 0.995551 1.988630
v -3.366984 0.995551 -0.809764
v -3.366984 0.995551 0.589433
v -2.647718 0.208889 1.988630
v -2.647718 0.208889 -0.809764
v -2.647718 0.208889 0.589433
v -3.259445 1.071788 1.988630
v -3.259445 1.071788 -0.809764
v -3.259445 1.071788 0.589433
v -2.671912 0.130879 -1.167317
v -1.606820 0.130879 -2.922108
v -3.286154 0.997324 -1.167317
v -2.221061 0.997324 -2.922108
v -2.571074 0.202366 -1.106111
v -1.505981 0.202366 -2.860902
v -3.185315 1.068811 -1.106111
v -2.120223 1.068811 -2.860902
v -0.367509 1.070365 -8.591215
v -0.561336 0.147624 -8.171534
v -1.735225 1.063812 -3.158161
v -1.261810 1.045038 -6.191342
v -0.891138 1.064102 -8.187053
v -0.128508 1.855742 -8.471539
v -1.498518 1.054425 -4.674751
v -0.226833 0.151658 -8.281032
v 0.000000 0.151658 -8.619685
v -0.113417 0.151658 -8.450358
v -1.405423 0.179109 -3.142641
v -0.932008 0.160335 -6.175822
v 0.000000 1.855742 -8.594047
v -1.168716 0.169722 -4.659231
v 0.000000 0.353754 -8.615004
v -0.113499 0.353754 -8.482018
v 0.000000 1.072242 -10.011364
v 0.000000 1.857619 -8.298143
v 0.000000 0.355630 -8.308623
v 0.000000 2.048739 -8.174983
v -0.110842 2.048739 -8.333361
v 0.000000 2.375052 -7.577092
v -0.110842 2.375052 -7.747551
v -3.907499 2.381185 -0.588576
v -3.907499 2.381185 0.145935
v -4.765444 2.381185 -0.588576
v -4.765444 2.381185 0.145935
v -3.969604 2.508066 -0.405090
v -3.969604 2.508066 -0.037551
v -4.703338 2.508066 -0.405090
v -4.703338 2.508066 -0.037551
v -4.230523 1.050483 5.454084
v -2.975320 1.050483 5.454084
v -2.726730 2.013618 2.372467
v -1.908153 2.013618 2.372467
v -3.732566 1.532051 3.913276
v -2.426666 1.532051 3.913276
v -3.609878 1.050483 5.454084
v -2.324398 2.013618 2.372467
v -2.975320 2.802640 5.454084
v -2.726730 1.888628 2.372467
v -1.908153 1.888628 2.372467
v -3.732566 1.430210 3.913276
v -2.426666 1.430210 3.913276
v -2.324398 1.888628 2.372467
v -3.086572 1.430210 3.913276
v -4.149663 2.718289 5.442745
v -4.149663 1.130718 5.442745
v -3.056780 1.130718 5.442745
v -3.609278 1.130718 5.442745
v -3.056780 2.718289 5.442745
v -3.609278 2.718289 5.442745
v -4.149663 2.608642 5.339733
v -4.149663 1.130718 5.339733
v -3.056780 1.130718 5.339733
v -3.609278 1.130718 5.339733
v -3.056780 2.608642 5.339733
v -3.609278 2.608642 5.339733
v -3.086572 1.532051 3.913276
v -3.609878 2.802640 5.454084
v 0.000000 0.064101 -3.371297
v 0.000000 0.064101 -5.892875
v -0.545187 0.064101 -3.371297
v -0.255801 0.064101 -5.892875
v -0.400494 0.064101 -4.632085
v 0.000000 -0.119649 -5.606812
v 0.000000 -0.119649 -4.632085
v -0.402188 -0.119649 -3.791560
v -0.112801 -0.119649 -5.606812
v -0.257494 -0.119649 -4.632085
v -1.457005 -0.119649 1.823859
v 0.000000 -0.119649 -0.907877
v 0.000000 -0.119649 0.581909
v 0.000000 -0.119649 -2.613858
v -1.881515 -0.119649 1.823859
v -1.644108 -0.119649 -0.907877
v -1.644108 -0.119649 0.581909
v -0.648322 -0.119649 -2.613858
v -1.113556 1.433364 1.785502
v 0.000000 1.800537 1.326733
v -1.415580 1.064101 2.210941
v -0.568468 1.083205 4.334937
v -0.568468 0.763576 4.334937
v 0.000000 0.763576 4.334937
v 0.000000 2.109111 5.700497
v -0.282275 2.109111 5.700497
v -0.753736 1.836912 5.700497
v -1.025934 1.365451 5.700497
v -1.025933 0.821054 5.700497
v -0.753736 0.349593 5.700497
v -0.282275 0.077395 5.700497
v 0.000000 0.077395 5.700497
v 0.000000 1.840837 7.549684
v -0.210391 1.840837 7.549684
v -0.548826 1.653358 7.542829
v -0.757660 1.293567 7.549684
v -0.757660 0.892938 7.549684
v -0.557345 0.545983 7.549684
v -0.210391 0.345669 7.549684
v 0.000000 0.345669 7.549684
v 0.000000 2.109111 6.625091
v -0.282275 2.109111 6.625091
v 0.000000 0.077395 6.625091
v -1.025933 0.821054 6.625091
v -0.753736 0.349593 6.625091
v -0.753736 1.836912 6.625091
v -0.282275 0.077395 6.625091
v -1.025934 1.365451 6.625091
v 0.000000 1.703444 7.549684
v -0.173576 1.703444 7.549684
v -0.456767 1.539944 7.549684
v -0.620267 1.256753 7.549684
v -0.620267 0.929752 7.549684
v -0.456767 0.646562 7.549684
v -0.173576 0.483062 7.549684
v 0.000000 0.483062 7.549684
v 0.000000 1.498542 6.492282
v -0.118673 1.498542 6.492282
v -0.306768 1.389945 6.492282
v -0.415365 1.201849 6.492282
v -0.415365 0.984656 6.492282
v -0.306768 0.796561 6.492282
v -0.118673 0.687964 6.492282
v 0.000000 0.687963 6.492282
v 0.000000 0.796560 6.492282
v 0.000000 0.984655 6.492282
v 0.000000 1.389945 6.492282
v 0.000000 1.201849 6.492282
v 0.000000 1.800612 4.334937
v -0.202520 1.800612 4.334937
v -0.525039 1.614405 4.334937
v -0.943384 1.291885 4.926088
v -0.943384 0.919472 4.926088
v -0.525039 0.596952 4.334937
v -0.202520 0.410745 4.334937
v 0.000000 1.800537 2.740696
v 0.000000 0.410745 4.334937
v 0.000000 0.151658 2.210941
v -1.170186 1.433431 2.983828
v -3.020409 -0.467949 3.913276
vt 0.981884 0.391632
vt 0.981884 0.573989
vt 0.918256 0.540035
vt 0.918295 0.425897
vt 0.939172 0.759922
vt 0.860201 0.851109
vt 0.843286 0.724855
vt 0.892960 0.667497
vt 0.185742 0.904949
vt 0.199667 0.896658
vt 0.201719 0.975453
vt 0.795250 0.384584
vt 0.831485 0.352685
vt 0.831485 0.604010
vt 0.831523 0.557992
vt 0.870327 0.584369
vt 0.868601 0.789400
vt 0.842485 0.771648
vt 0.201719 0.759453
vt 0.200985 0.827882
vt 0.198270 0.829498
vt 0.198935 0.767562
vt 0.150639 0.898101
vt 0.140488 0.901580
vt 0.148431 0.861320
vt 0.153048 0.859737
vt 0.153141 0.927298
vt 0.142990 0.930778
vt 0.165983 0.852225
vt 0.165543 0.865287
vt 0.165211 0.865240
vt 0.165591 0.853970
vt 0.505408 0.656588
vt 0.535352 0.642579
vt 0.535862 0.683524
vt 0.150480 0.958265
vt 0.145492 0.959975
vt 0.158094 0.821060
vt 0.156964 0.833648
vt 0.156367 0.833278
vt 0.157273 0.823199
vt 0.167295 0.896947
vt 0.162455 0.896267
vt 0.162632 0.895071
vt 0.166826 0.895660
vt 0.151443 0.801911
vt 0.150080 0.802379
vt 0.152189 0.763210
vt 0.153141 0.759993
vt 0.152246 0.830824
vt 0.149255 0.831849
vt 0.482907 0.695110
vt 0.482904 0.795594
vt 0.473305 0.788466
vt 0.476661 0.693237
vt 0.486096 0.572182
vt 0.488336 0.549551
vt 0.490357 0.551001
vt 0.490357 0.575560
vt 0.456883 0.733832
vt 0.494646 0.520805
vt 0.525114 0.523236
vt 0.491958 0.734660
vt 0.156666 0.820172
vt 0.159416 0.801741
vt 0.159549 0.803140
vt 0.554421 0.631913
vt 0.561691 0.679624
vt 0.545567 0.679624
vt 0.545567 0.631913
vt 0.155833 0.846237
vt 0.155462 0.843357
vt 0.172153 0.845047
vt 0.182315 0.771005
vt 0.184602 0.776095
vt 0.175404 0.843112
vt 0.832843 0.352685
vt 0.870327 0.378164
vt 0.676940 0.231835
vt 0.756976 0.231835
vt 0.756976 0.373433
vt 0.676940 0.373433
vt 0.757063 0.689805
vt 0.837100 0.689805
vt 0.837100 0.816699
vt 0.757063 0.816699
vt 0.757063 0.548207
vt 0.837100 0.548207
vt 0.849543 0.231835
vt 0.905366 0.261682
vt 0.887080 0.398476
vt 0.831258 0.368628
vt 0.831171 0.518186
vt 0.775349 0.548033
vt 0.757063 0.411239
vt 0.812885 0.381392
vt 0.905366 0.519986
vt 0.857588 0.548033
vt 0.783393 0.231835
vt 0.831171 0.259882
vt 0.744595 0.402356
vt 0.689321 0.402356
vt 0.185967 0.898364
vt 0.197077 0.891749
vt 0.498590 0.608868
vt 0.533171 0.574104
vt 0.533171 0.930925
vt 0.563275 0.631913
vt 0.563030 0.642481
vt 0.556076 0.642481
vt 0.160038 0.822541
vt 0.159681 0.804538
vt 0.550756 0.358024
vt 0.569959 0.313524
vt 0.561212 0.313803
vt 0.550577 0.348752
vt 0.160038 0.867362
vt 0.157156 0.864978
vt 0.158542 0.848478
vt 0.159076 0.834960
vt 0.155214 0.891627
vt 0.153366 0.890098
vt 0.154280 0.879444
vt 0.157626 0.879495
vt 0.473339 0.864193
vt 0.499852 0.503363
vt 0.512885 0.547245
vt 0.489634 0.863681
vt 0.192017 0.765229
vt 0.191646 0.771901
vt 0.759015 0.416483
vt 0.553561 0.491455
vt 0.567228 0.470104
vt 0.572195 0.470104
vt 0.572195 0.491455
vt 0.171817 0.913240
vt 0.198761 0.977214
vt 0.548687 0.655819
vt 0.521208 0.632755
vt 0.551394 0.526709
vt 0.572577 0.544490
vt 0.581580 0.420664
vt 0.596468 0.433161
vt 0.615552 0.318843
vt 0.617874 0.333411
vt 0.488629 0.935685
vt 0.444472 0.872602
vt 0.469072 0.757966
vt 0.517960 0.799001
vt 0.408658 0.981206
vt 0.389402 0.964793
vt 0.860201 0.170474
vt 0.939172 0.261662
vt 0.892960 0.354086
vt 0.843286 0.296728
vt 0.984766 0.419604
vt 0.921639 0.453433
vt 0.984766 0.601979
vt 0.921639 0.568150
vt 0.690042 0.261662
vt 0.769013 0.170474
vt 0.785928 0.296728
vt 0.736254 0.354086
vt 0.644448 0.419604
vt 0.707575 0.453433
vt 0.644448 0.601979
vt 0.707575 0.568150
vt 0.690042 0.759922
vt 0.736254 0.667497
vt 0.769013 0.851109
vt 0.785928 0.724855
vt 0.642928 0.419602
vt 0.688522 0.261660
vt 0.748428 0.381473
vt 0.724761 0.463456
vt 0.983246 0.419602
vt 0.983245 0.601978
vt 0.901412 0.558123
vt 0.901412 0.463456
vt 0.767493 0.170472
vt 0.858681 0.170472
vt 0.836753 0.334139
vt 0.789420 0.334139
vt 0.858681 0.851108
vt 0.767493 0.851107
vt 0.789420 0.687440
vt 0.836753 0.687441
vt 0.642928 0.601978
vt 0.724761 0.558123
vt 0.937652 0.261660
vt 0.877745 0.381473
vt 0.937652 0.759920
vt 0.877745 0.640107
vt 0.688522 0.759920
vt 0.748428 0.640107
vt 0.944209 0.278235
vt 0.989803 0.436177
vt 0.926361 0.470176
vt 0.897766 0.371121
vt 0.936267 0.731892
vt 0.889669 0.638805
vt 0.766078 0.142660
vt 0.857280 0.142582
vt 0.840333 0.269896
vt 0.783231 0.269871
vt 0.857245 0.822980
vt 0.840202 0.695700
vt 0.766140 0.822935
vt 0.783136 0.695825
vt 0.641567 0.391936
vt 0.687117 0.233937
vt 0.733770 0.326945
vt 0.705207 0.425814
vt 0.641634 0.574269
vt 0.705191 0.539965
vt 0.687271 0.732006
vt 0.733712 0.638795
vt 0.936273 0.233717
vt 0.889772 0.327010
vt 0.560502 0.764610
vt 0.539812 0.788500
vt 0.537617 0.772113
vt 0.554504 0.752614
vt 0.495231 0.634070
vt 0.515921 0.610178
vt 0.518116 0.626564
vt 0.501228 0.646066
vt 0.495231 0.764608
vt 0.483287 0.723230
vt 0.491479 0.718840
vt 0.501230 0.752615
vt 0.539811 0.610177
vt 0.560502 0.634068
vt 0.554504 0.646064
vt 0.537616 0.626564
vt 0.572447 0.723230
vt 0.564254 0.718839
vt 0.483286 0.675451
vt 0.491479 0.679841
vt 0.515002 0.788401
vt 0.518118 0.772113
vt 0.572447 0.675448
vt 0.564254 0.679839
vt 0.695079 0.776496
vt 0.649485 0.618554
vt 0.712927 0.584556
vt 0.741521 0.683611
vt 0.695079 0.278237
vt 0.774050 0.187048
vt 0.791049 0.313932
vt 0.741521 0.371122
vt 0.989803 0.618553
vt 0.944209 0.776495
vt 0.897767 0.683611
vt 0.926361 0.584555
vt 0.865237 0.187048
vt 0.848239 0.313931
vt 0.774050 0.867684
vt 0.791049 0.740800
vt 0.649485 0.436178
vt 0.712927 0.470177
vt 0.865238 0.867684
vt 0.848239 0.740800
vt 0.783170 0.798589
vt 0.719994 0.725639
vt 0.770728 0.624171
vt 0.801741 0.659979
vt 0.683518 0.453385
vt 0.719994 0.327031
vt 0.770728 0.428500
vt 0.752823 0.490525
vt 0.856121 0.254081
vt 0.919297 0.327030
vt 0.868563 0.428499
vt 0.837550 0.392690
vt 0.955773 0.599284
vt 0.919298 0.725638
vt 0.868563 0.624170
vt 0.886468 0.562144
vt 0.683519 0.599285
vt 0.752823 0.562145
vt 0.856121 0.798589
vt 0.837551 0.659979
vt 0.783170 0.254081
vt 0.801740 0.392690
vt 0.955773 0.453383
vt 0.886468 0.490524
vt 0.937852 0.562810
vt 0.905877 0.673597
vt 0.873157 0.608334
vt 0.893213 0.538994
vt 0.901096 0.338401
vt 0.935201 0.456548
vt 0.887980 0.481854
vt 0.866527 0.407538
vt 0.878324 0.610564
vt 0.878324 0.831442
vt 0.802207 0.831443
vt 0.802207 0.610564
vt 0.725111 0.867648
vt 0.657002 0.867648
vt 0.656403 0.715419
vt 0.725111 0.715419
vt 0.801395 0.716618
vt 0.801395 0.852836
vt 0.725281 0.852836
vt 0.725281 0.715419
vt 0.957412 0.651584
vt 0.957412 0.872463
vt 0.881298 0.872463
vt 0.881298 0.651584
vt 0.680631 0.456547
vt 0.714737 0.338401
vt 0.749305 0.407538
vt 0.727852 0.481854
vt 0.773810 0.270189
vt 0.786463 0.364632
vt 0.842022 0.270189
vt 0.829369 0.364632
vt 0.714737 0.711118
vt 0.680631 0.592972
vt 0.727852 0.567666
vt 0.749305 0.641981
vt 0.773810 0.779330
vt 0.786463 0.684887
vt 0.842022 0.779330
vt 0.829369 0.684887
vt 0.901095 0.711118
vt 0.866527 0.641981
vt 0.935201 0.592972
vt 0.887980 0.567666
vt 0.701099 0.761358
vt 0.660065 0.619211
vt 0.733715 0.579742
vt 0.755015 0.653527
vt 0.854242 0.230856
vt 0.925316 0.312925
vt 0.871400 0.420756
vt 0.834508 0.378156
vt 0.660064 0.455073
vt 0.701099 0.312925
vt 0.755015 0.420756
vt 0.733715 0.494542
vt 0.966350 0.619211
vt 0.925316 0.761358
vt 0.871400 0.653527
vt 0.892700 0.579742
vt 0.772173 0.843427
vt 0.791907 0.696127
vt 0.772173 0.230856
vt 0.791907 0.378156
vt 0.966350 0.455073
vt 0.892700 0.494541
vt 0.854242 0.843428
vt 0.834508 0.696127
vt 0.881342 0.447179
vt 0.903975 0.525582
vt 0.872482 0.542460
vt 0.858288 0.493289
vt 0.572580 0.826749
vt 0.572580 0.841777
vt 0.468814 0.841778
vt 0.468814 0.826750
vt 0.572580 0.811722
vt 0.468814 0.811722
vt 0.850507 0.737617
vt 0.838481 0.648392
vt 0.850483 0.260259
vt 0.905870 0.324152
vt 0.873260 0.389560
vt 0.838608 0.349512
vt 0.786504 0.737639
vt 0.798464 0.648359
vt 0.731133 0.673611
vt 0.763780 0.608336
vt 0.731184 0.324302
vt 0.786552 0.260328
vt 0.798578 0.349524
vt 0.763889 0.389543
vt 0.699218 0.435058
vt 0.743842 0.458874
vt 0.699213 0.562912
vt 0.743804 0.538951
vt 0.937852 0.434902
vt 0.893249 0.458918
vt 0.448173 0.769056
vt 0.468862 0.745165
vt 0.471058 0.761551
vt 0.454170 0.781051
vt 0.513443 0.899596
vt 0.492753 0.923487
vt 0.490557 0.907100
vt 0.507445 0.887601
vt 0.513443 0.769056
vt 0.525388 0.810436
vt 0.517195 0.814826
vt 0.507445 0.781051
vt 0.468862 0.923487
vt 0.448173 0.899596
vt 0.454170 0.887601
vt 0.471058 0.907100
vt 0.436227 0.810436
vt 0.444420 0.814826
vt 0.525388 0.858217
vt 0.517195 0.853826
vt 0.492753 0.745165
vt 0.490558 0.761551
vt 0.436227 0.858216
vt 0.444420 0.853826
vt 0.757673 0.694519
vt 0.735040 0.616115
vt 0.766532 0.599238
vt 0.780727 0.648409
vt 0.757673 0.447179
vt 0.796874 0.401913
vt 0.805313 0.464899
vt 0.780727 0.493289
vt 0.903975 0.616114
vt 0.881342 0.694519
vt 0.858288 0.648409
vt 0.872482 0.599238
vt 0.842140 0.401913
vt 0.833702 0.464899
vt 0.796874 0.739784
vt 0.805313 0.676799
vt 0.735040 0.525582
vt 0.766532 0.542460
vt 0.842140 0.739784
vt 0.833702 0.676799
vt 0.738962 0.565473
vt 0.738962 0.497682
vt 0.771163 0.514939
vt 0.771163 0.548216
vt 0.785264 0.405078
vt 0.819159 0.405078
vt 0.810531 0.469480
vt 0.793892 0.469480
vt 0.865461 0.497682
vt 0.865461 0.565472
vt 0.833260 0.548216
vt 0.833260 0.514939
vt 0.819159 0.658076
vt 0.785264 0.658076
vt 0.793892 0.593673
vt 0.810531 0.593673
vt 0.755910 0.438974
vt 0.779483 0.486120
vt 0.755909 0.624182
vt 0.779483 0.577035
vt 0.848513 0.438974
vt 0.824940 0.486120
vt 0.848513 0.624182
vt 0.824940 0.577034
vt 0.881128 0.579969
vt 0.847376 0.610224
vt 0.802207 0.408664
vt 0.802037 0.651245
vt 0.696310 0.715079
vt 0.656403 0.450694
vt 0.802037 0.192031
vt 0.989287 0.192031
vt 0.989287 0.468201
vt 0.937072 0.380739
vt 0.881128 0.192031
vt 0.941060 0.307197
vt 0.864906 0.806725
vt 0.874911 0.503300
vt 0.892151 0.504474
vt 0.879578 0.837697
vt 0.160262 0.877669
vt 0.160703 0.864608
vt 0.161034 0.864654
vt 0.160654 0.875925
vt 0.161143 0.851546
vt 0.161414 0.853384
vt 0.165102 0.878348
vt 0.164831 0.876511
vt 0.745227 0.529263
vt 0.742487 0.813282
vt 0.727987 0.856619
vt 0.727987 0.528090
vt 0.877650 0.219280
vt 0.892151 0.175942
vt 0.755232 0.225837
vt 0.740559 0.194865
vt 0.164925 0.879545
vt 0.160732 0.878956
vt 0.732206 0.284949
vt 0.726342 0.795285
vt 0.706963 0.856615
vt 0.706964 0.246632
vt 0.880959 0.237276
vt 0.900338 0.175946
vt 0.875096 0.747611
vt 0.900338 0.785928
vt 0.158491 0.847188
vt 0.522855 0.512093
vt 0.522855 0.948609
vt 0.504814 0.958087
vt 0.465054 0.586310
vt 0.480202 0.539253
vt 0.479384 0.567107
vt 0.544057 0.607879
vt 0.525150 0.571831
vt 0.544057 0.520805
vt 0.482907 0.896078
vt 0.469936 0.883693
vt 0.254115 0.012041
vt 0.369414 0.012041
vt 0.369414 0.488405
vt 0.254115 0.488405
vt 0.254068 0.014545
vt 0.370780 0.014545
vt 0.370780 0.252145
vt 0.254068 0.252145
vt 0.370780 0.489744
vt 0.254068 0.489744
vt 0.494991 0.539253
vt 0.494991 0.616839
vt 0.490157 0.613771
vt 0.482921 0.555780
vt 0.561879 0.731913
vt 0.553723 0.731913
vt 0.555528 0.721018
vt 0.561934 0.721018
vt 0.549905 0.272920
vt 0.549909 0.281913
vt 0.940827 0.813441
vt 0.668571 0.576454
vt 0.926778 0.573020
vt 0.940827 0.310870
vt 0.525150 0.647082
vt 0.541849 0.607951
vt 0.541849 0.698108
vt 0.493358 0.966799
vt 0.525114 0.966720
vt 0.822307 0.860966
vt 0.772419 0.718399
vt 0.772419 0.180195
vt 0.822307 0.333637
vt 0.495376 0.949392
vt 0.512885 0.948786
vt 0.201682 0.904270
vt 0.201492 0.905877
vt 0.200739 0.902869
vt 0.201415 0.903600
vt 0.386850 0.276224
vt 0.488335 0.276224
vt 0.483983 0.329259
vt 0.391202 0.329259
vt 0.756976 0.560406
vt 0.744595 0.531483
vt 0.676940 0.560406
vt 0.689321 0.531483
vt 0.391202 0.424068
vt 0.483983 0.424068
vt 0.386850 0.476589
vt 0.488335 0.476589
vt 0.575811 0.610614
vt 0.575811 0.903480
vt 0.568989 0.889305
vt 0.568980 0.624125
vt 0.850583 0.348017
vt 0.864773 0.786486
vt 0.850599 0.780994
vt 0.839035 0.343543
vt 0.882123 0.197037
vt 0.892035 0.291128
vt 0.877909 0.297081
vt 0.867996 0.202989
vt 0.175100 0.904834
vt 0.051571 0.110452
vt 0.079915 0.023720
vt 0.103388 0.365639
vt 0.085735 0.419657
vt 0.586357 0.764515
vt 0.586357 0.968832
vt 0.491946 0.912677
vt 0.022617 0.199053
vt 0.067471 0.475543
vt 0.470714 0.903545
vt 0.470688 0.610681
vt 0.477569 0.624177
vt 0.477585 0.889353
vt 0.876321 0.681550
vt 0.864810 0.686401
vt 0.855935 0.877733
vt 0.841762 0.872242
vt 0.669846 0.237347
vt 0.804566 0.143876
vt 0.809155 0.224102
vt 0.693564 0.290670
vt 0.838473 0.824523
vt 0.724644 0.809302
vt 0.741643 0.769092
vt 0.838647 0.778109
vt 0.523811 0.610267
vt 0.523762 0.623857
vt 0.523863 0.903859
vt 0.523811 0.889587
vt 0.063638 0.008108
vt 0.117237 0.008108
vt 0.117237 0.490231
vt 0.063638 0.490231
vt 0.008837 0.008108
vt 0.008837 0.490231
vt 0.951149 0.185137
vt 0.951149 0.811659
vt 0.930582 0.778090
vt 0.931373 0.253507
vt 0.880525 0.835570
vt 0.892035 0.830720
vt 0.853225 0.197037
vt 0.864773 0.201510
vt 0.572622 0.764395
vt 0.491946 0.648230
vt 0.572622 0.522885
vt 0.156304 0.822597
vt 0.153036 0.844500
vt 0.153398 0.842075
vt 0.503089 0.792377
vt 0.481208 0.792377
vt 0.481208 0.626724
vt 0.490794 0.626724
vt 0.515384 0.935222
vt 0.481208 0.935222
vt 0.540203 0.821560
vt 0.475429 0.810301
vt 0.480530 0.692912
vt 0.545304 0.704171
vt 0.545304 0.921047
vt 0.528579 0.918140
vt 0.486371 0.558487
vt 0.511913 0.562927
vt 0.798055 0.334961
vt 0.766396 0.787447
vt 0.695774 0.311598
vt 0.525441 0.714388
vt 0.525441 0.651989
vt 0.536141 0.657722
vt 0.536141 0.708654
vt 0.568061 0.566739
vt 0.584446 0.566747
vt 0.584443 0.588146
vt 0.570926 0.588139
vt 0.541041 0.768428
vt 0.548874 0.752762
vt 0.541696 0.595929
vt 0.548874 0.613614
vt 0.568061 0.799628
vt 0.570928 0.778228
vt 0.584446 0.799628
vt 0.584446 0.778228
vt 0.535862 0.531091
vt 0.798055 0.787975
vt 0.883240 0.538705
vt 0.881298 0.270695
vt 0.936902 0.192031
vt 0.936902 0.651245
vt 0.455341 0.781121
vt 0.418009 0.799738
vt 0.420877 0.558296
vt 0.456775 0.540395
vt 0.491886 0.762897
vt 0.491886 0.522885
vt 0.981884 0.391632
vt 0.918295 0.425897
vt 0.918256 0.540035
vt 0.981884 0.573989
vt 0.939172 0.759922
vt 0.892960 0.667497
vt 0.843286 0.724855
vt 0.860201 0.851109
vt 0.185742 0.904949
vt 0.201719 0.975453
vt 0.199667 0.896658
vt 0.795250 0.384584
vt 0.831485 0.604010
vt 0.831485 0.352685
vt 0.831523 0.557992
vt 0.842485 0.771648
vt 0.868601 0.789400
vt 0.870327 0.584369
vt 0.201719 0.759453
vt 0.198935 0.767562
vt 0.198270 0.829498
vt 0.200985 0.827882
vt 0.150639 0.898101
vt 0.153048 0.859737
vt 0.148431 0.861320
vt 0.140488 0.901580
vt 0.153141 0.927298
vt 0.142990 0.930778
vt 0.165983 0.852225
vt 0.165591 0.853970
vt 0.165211 0.865240
vt 0.165543 0.865287
vt 0.505408 0.656588
vt 0.535862 0.683524
vt 0.535352 0.642579
vt 0.150480 0.958265
vt 0.145492 0.959975
vt 0.158094 0.821060
vt 0.157273 0.823199
vt 0.156367 0.833278
vt 0.156964 0.833648
vt 0.167295 0.896947
vt 0.166826 0.895660
vt 0.162632 0.895071
vt 0.162455 0.896267
vt 0.151443 0.801911
vt 0.153141 0.759993
vt 0.152189 0.763210
vt 0.150080 0.802379
vt 0.152246 0.830824
vt 0.149255 0.831849
vt 0.482907 0.695110
vt 0.476661 0.693237
vt 0.473305 0.788466
vt 0.482904 0.795594
vt 0.486096 0.572182
vt 0.490357 0.575560
vt 0.490357 0.551001
vt 0.488336 0.549551
vt 0.456883 0.733832
vt 0.491958 0.734660
vt 0.494646 0.520805
vt 0.159549 0.803140
vt 0.554421 0.631913
vt 0.545567 0.631913
vt 0.545567 0.679624
vt 0.561691 0.679624
vt 0.155462 0.843357
vt 0.155833 0.846237
vt 0.172153 0.845047
vt 0.175404 0.843112
vt 0.184602 0.776095
vt 0.182315 0.771005
vt 0.832843 0.352685
vt 0.870327 0.378164
vt 0.676940 0.231835
vt 0.676940 0.373433
vt 0.756976 0.373433
vt 0.756976 0.231835
vt 0.757063 0.689805
vt 0.757063 0.816699
vt 0.837100 0.816699
vt 0.837100 0.689805
vt 0.757063 0.548207
vt 0.837100 0.548207
vt 0.849543 0.231835
vt 0.831258 0.368628
vt 0.887080 0.398476
vt 0.905366 0.261682
vt 0.831171 0.518186
vt 0.812885 0.381392
vt 0.757063 0.411239
vt 0.775349 0.548033
vt 0.857588 0.548033
vt 0.905366 0.519986
vt 0.831171 0.259882
vt 0.783393 0.231835
vt 0.689321 0.402356
vt 0.744595 0.402356
vt 0.197077 0.891749
vt 0.185967 0.898364
vt 0.498590 0.608868
vt 0.533171 0.930925
vt 0.533171 0.574104
vt 0.556076 0.642481
vt 0.160038 0.822541
vt 0.159681 0.804538
vt 0.550756 0.358024
vt 0.550577 0.348752
vt 0.561212 0.313803
vt 0.569959 0.313524
vt 0.160038 0.867362
vt 0.158542 0.848478
vt 0.157156 0.864978
vt 0.159076 0.834960
vt 0.155214 0.891627
vt 0.157626 0.879495
vt 0.154280 0.879444
vt 0.153366 0.890098
vt 0.473339 0.864193
vt 0.489634 0.863681
vt 0.512885 0.547245
vt 0.499852 0.503363
vt 0.192017 0.765229
vt 0.191646 0.771901
vt 0.759015 0.416483
vt 0.553561 0.491455
vt 0.572195 0.491455
vt 0.572195 0.470104
vt 0.567228 0.470104
vt 0.171817 0.913240
vt 0.198761 0.977214
vt 0.551394 0.526709
vt 0.521208 0.632755
vt 0.581580 0.420664
vt 0.615552 0.318843
vt 0.469072 0.757966
vt 0.444472 0.872602
vt 0.408658 0.981206
vt 0.389402 0.964793
vt 0.860201 0.170474
vt 0.843286 0.296728
vt 0.892960 0.354086
vt 0.939172 0.261662
vt 0.921639 0.453433
vt 0.984766 0.419604
vt 0.984766 0.601979
vt 0.921639 0.568150
vt 0.690042 0.261662
vt 0.736254 0.354086
vt 0.785928 0.296728
vt 0.769013 0.170474
vt 0.644448 0.419604
vt 0.707575 0.453433
vt 0.644448 0.601979
vt 0.707575 0.568150
vt 0.690042 0.759922
vt 0.736254 0.667497
vt 0.769013 0.851109
vt 0.785928 0.724855
vt 0.642928 0.419602
vt 0.724761 0.463456
vt 0.748428 0.381473
vt 0.688522 0.261660
vt 0.983246 0.419602
vt 0.901412 0.463456
vt 0.901412 0.558123
vt 0.983245 0.601978
vt 0.767493 0.170472
vt 0.789420 0.334139
vt 0.836753 0.334139
vt 0.858681 0.170472
vt 0.858681 0.851108
vt 0.836753 0.687441
vt 0.789420 0.687440
vt 0.767493 0.851107
vt 0.642928 0.601978
vt 0.724761 0.558123
vt 0.937652 0.261660
vt 0.877745 0.381473
vt 0.937652 0.759920
vt 0.877745 0.640107
vt 0.688522 0.759920
vt 0.748428 0.640107
vt 0.944209 0.278235
vt 0.897766 0.371121
vt 0.926361 0.470176
vt 0.989803 0.436177
vt 0.889669 0.638805
vt 0.936267 0.731892
vt 0.766078 0.142660
vt 0.783231 0.269871
vt 0.840333 0.269896
vt 0.857280 0.142582
vt 0.840202 0.695700
vt 0.857245 0.822980
vt 0.783136 0.695825
vt 0.766140 0.822935
vt 0.641567 0.391936
vt 0.705207 0.425814
vt 0.733770 0.326945
vt 0.687117 0.233937
vt 0.641634 0.574269
vt 0.705191 0.539965
vt 0.733712 0.638795
vt 0.687271 0.732006
vt 0.889772 0.327010
vt 0.936273 0.233717
vt 0.560502 0.764610
vt 0.554504 0.752614
vt 0.537617 0.772113
vt 0.539812 0.788500
vt 0.495231 0.634070
vt 0.501228 0.646066
vt 0.518116 0.626564
vt 0.515921 0.610178
vt 0.495231 0.764608
vt 0.501230 0.752615
vt 0.491479 0.718840
vt 0.483287 0.723230
vt 0.539811 0.610177
vt 0.537616 0.626564
vt 0.554504 0.646064
vt 0.560502 0.634068
vt 0.572447 0.723230
vt 0.564254 0.718839
vt 0.483286 0.675451
vt 0.491479 0.679841
vt 0.515002 0.788401
vt 0.518118 0.772113
vt 0.572447 0.675448
vt 0.564254 0.679839
vt 0.695079 0.776496
vt 0.741521 0.683611
vt 0.712927 0.584556
vt 0.649485 0.618554
vt 0.695079 0.278237
vt 0.741521 0.371122
vt 0.791049 0.313932
vt 0.774050 0.187048
vt 0.989803 0.618553
vt 0.926361 0.584555
vt 0.897767 0.683611
vt 0.944209 0.776495
vt 0.865237 0.187048
vt 0.848239 0.313931
vt 0.774050 0.867684
vt 0.791049 0.740800
vt 0.649485 0.436178
vt 0.712927 0.470177
vt 0.865238 0.867684
vt 0.848239 0.740800
vt 0.783170 0.798589
vt 0.801741 0.659979
vt 0.770728 0.624171
vt 0.719994 0.725639
vt 0.683518 0.453385
vt 0.752823 0.490525
vt 0.770728 0.428500
vt 0.719994 0.327031
vt 0.856121 0.254081
vt 0.837550 0.392690
vt 0.868563 0.428499
vt 0.919297 0.327030
vt 0.955773 0.599284
vt 0.886468 0.562144
vt 0.868563 0.624170
vt 0.919298 0.725638
vt 0.683519 0.599285
vt 0.752823 0.562145
vt 0.856121 0.798589
vt 0.837551 0.659979
vt 0.783170 0.254081
vt 0.801740 0.392690
vt 0.955773 0.453383
vt 0.886468 0.490524
vt 0.937852 0.562810
vt 0.893213 0.538994
vt 0.873157 0.608334
vt 0.905877 0.673597
vt 0.901096 0.338401
vt 0.866527 0.407538
vt 0.887980 0.481854
vt 0.935201 0.456548
vt 0.878324 0.610564
vt 0.802207 0.610564
vt 0.802207 0.831443
vt 0.878324 0.831442
vt 0.725111 0.867648
vt 0.725111 0.715419
vt 0.656403 0.715419
vt 0.657002 0.867648
vt 0.801395 0.716618
vt 0.725281 0.715419
vt 0.725281 0.852836
vt 0.801395 0.852836
vt 0.957412 0.651584
vt 0.881298 0.651584
vt 0.881298 0.872463
vt 0.957412 0.872463
vt 0.680631 0.456547
vt 0.727852 0.481854
vt 0.749305 0.407538
vt 0.714737 0.338401
vt 0.786463 0.364632
vt 0.773810 0.270189
vt 0.842022 0.270189
vt 0.829369 0.364632
vt 0.714737 0.711118
vt 0.749305 0.641981
vt 0.727852 0.567666
vt 0.680631 0.592972
vt 0.773810 0.779330
vt 0.786463 0.684887
vt 0.842022 0.779330
vt 0.829369 0.684887
vt 0.901095 0.711118
vt 0.866527 0.641981
vt 0.935201 0.592972
vt 0.887980 0.567666
vt 0.701099 0.761358
vt 0.755015 0.653527
vt 0.733715 0.579742
vt 0.660065 0.619211
vt 0.854242 0.230856
vt 0.834508 0.378156
vt 0.871400 0.420756
vt 0.925316 0.312925
vt 0.660064 0.455073
vt 0.733715 0.494542
vt 0.755015 0.420756
vt 0.701099 0.312925
vt 0.966350 0.619211
vt 0.892700 0.579742
vt 0.871400 0.653527
vt 0.925316 0.761358
vt 0.772173 0.843427
vt 0.791907 0.696127
vt 0.772173 0.230856
vt 0.791907 0.378156
vt 0.966350 0.455073
vt 0.892700 0.494541
vt 0.854242 0.843428
vt 0.834508 0.696127
vt 0.881342 0.447179
vt 0.858288 0.493289
vt 0.872482 0.542460
vt 0.903975 0.525582
vt 0.572580 0.826749
vt 0.468814 0.826750
vt 0.468814 0.841778
vt 0.572580 0.841777
vt 0.572580 0.811722
vt 0.468814 0.811722
vt 0.838481 0.648392
vt 0.850507 0.737617
vt 0.850483 0.260259
vt 0.838608 0.349512
vt 0.873260 0.389560
vt 0.905870 0.324152
vt 0.798464 0.648359
vt 0.786504 0.737639
vt 0.763780 0.608336
vt 0.731133 0.673611
vt 0.731184 0.324302
vt 0.763889 0.389543
vt 0.798578 0.349524
vt 0.786552 0.260328
vt 0.699218 0.435058
vt 0.743842 0.458874
vt 0.743804 0.538951
vt 0.699213 0.562912
vt 0.893249 0.458918
vt 0.937852 0.434902
vt 0.448173 0.769056
vt 0.454170 0.781051
vt 0.471058 0.761551
vt 0.468862 0.745165
vt 0.513443 0.899596
vt 0.507445 0.887601
vt 0.490557 0.907100
vt 0.492753 0.923487
vt 0.513443 0.769056
vt 0.507445 0.781051
vt 0.517195 0.814826
vt 0.525388 0.810436
vt 0.468862 0.923487
vt 0.471058 0.907100
vt 0.454170 0.887601
vt 0.448173 0.899596
vt 0.436227 0.810436
vt 0.444420 0.814826
vt 0.525388 0.858217
vt 0.517195 0.853826
vt 0.492753 0.745165
vt 0.490558 0.761551
vt 0.436227 0.858216
vt 0.444420 0.853826
vt 0.757673 0.694519
vt 0.780727 0.648409
vt 0.766532 0.599238
vt 0.735040 0.616115
vt 0.757673 0.447179
vt 0.780727 0.493289
vt 0.805313 0.464899
vt 0.796874 0.401913
vt 0.903975 0.616114
vt 0.872482 0.599238
vt 0.858288 0.648409
vt 0.881342 0.694519
vt 0.842140 0.401913
vt 0.833702 0.464899
vt 0.796874 0.739784
vt 0.805313 0.676799
vt 0.735040 0.525582
vt 0.766532 0.542460
vt 0.842140 0.739784
vt 0.833702 0.676799
vt 0.738962 0.565473
vt 0.771163 0.548216
vt 0.771163 0.514939
vt 0.738962 0.497682
vt 0.785264 0.405078
vt 0.793892 0.469480
vt 0.810531 0.469480
vt 0.819159 0.405078
vt 0.865461 0.497682
vt 0.833260 0.514939
vt 0.833260 0.548216
vt 0.865461 0.565472
vt 0.819159 0.658076
vt 0.810531 0.593673
vt 0.793892 0.593673
vt 0.785264 0.658076
vt 0.755910 0.438974
vt 0.779483 0.486120
vt 0.755909 0.624182
vt 0.779483 0.577035
vt 0.848513 0.438974
vt 0.824940 0.486120
vt 0.848513 0.624182
vt 0.824940 0.577034
vt 0.881128 0.579969
vt 0.802207 0.408664
vt 0.847376 0.610224
vt 0.802037 0.651245
vt 0.802037 0.192031
vt 0.656403 0.450694
vt 0.696310 0.715079
vt 0.989287 0.192031
vt 0.937072 0.380739
vt 0.989287 0.468201
vt 0.881128 0.192031
vt 0.941060 0.307197
vt 0.864906 0.806725
vt 0.879578 0.837697
vt 0.892151 0.504474
vt 0.874911 0.503300
vt 0.160262 0.877669
vt 0.160654 0.875925
vt 0.161034 0.864654
vt 0.160703 0.864608
vt 0.161414 0.853384
vt 0.161143 0.851546
vt 0.165102 0.878348
vt 0.164831 0.876511
vt 0.745227 0.529263
vt 0.727987 0.528090
vt 0.727987 0.856619
vt 0.742487 0.813282
vt 0.892151 0.175942
vt 0.877650 0.219280
vt 0.740559 0.194865
vt 0.755232 0.225837
vt 0.164925 0.879545
vt 0.160732 0.878956
vt 0.732206 0.284949
vt 0.706964 0.246632
vt 0.706963 0.856615
vt 0.726342 0.795285
vt 0.880959 0.237276
vt 0.900338 0.175946
vt 0.875096 0.747611
vt 0.900338 0.785928
vt 0.158491 0.847188
vt 0.522855 0.512093
vt 0.465054 0.586310
vt 0.504814 0.958087
vt 0.522855 0.948609
vt 0.480202 0.539253
vt 0.479384 0.567107
vt 0.525150 0.571831
vt 0.469936 0.883693
vt 0.482907 0.896078
vt 0.254115 0.012041
vt 0.254115 0.488405
vt 0.369414 0.488405
vt 0.369414 0.012041
vt 0.254068 0.014545
vt 0.254068 0.252145
vt 0.370780 0.252145
vt 0.370780 0.014545
vt 0.254068 0.489744
vt 0.370780 0.489744
vt 0.494991 0.539253
vt 0.482921 0.555780
vt 0.490157 0.613771
vt 0.494991 0.616839
vt 0.555528 0.721018
vt 0.553723 0.731913
vt 0.549909 0.281913
vt 0.549905 0.272920
vt 0.926778 0.573020
vt 0.525150 0.647082
vt 0.493358 0.966799
vt 0.822307 0.860966
vt 0.822307 0.333637
vt 0.201682 0.904270
vt 0.201415 0.903600
vt 0.386850 0.276224
vt 0.391202 0.329259
vt 0.483983 0.329259
vt 0.488335 0.276224
vt 0.744595 0.531483
vt 0.756976 0.560406
vt 0.676940 0.560406
vt 0.689321 0.531483
vt 0.391202 0.424068
vt 0.483983 0.424068
vt 0.386850 0.476589
vt 0.488335 0.476589
vt 0.575811 0.610614
vt 0.568980 0.624125
vt 0.568989 0.889305
vt 0.575811 0.903480
vt 0.850583 0.348017
vt 0.839035 0.343543
vt 0.850599 0.780994
vt 0.864773 0.786486
vt 0.882123 0.197037
vt 0.867996 0.202989
vt 0.877909 0.297081
vt 0.892035 0.291128
vt 0.175100 0.904834
vt 0.051571 0.110452
vt 0.085735 0.419657
vt 0.103388 0.365639
vt 0.079915 0.023720
vt 0.586357 0.764515
vt 0.491946 0.912677
vt 0.586357 0.968832
vt 0.022617 0.199053
vt 0.067471 0.475543
vt 0.470714 0.903545
vt 0.477585 0.889353
vt 0.477569 0.624177
vt 0.470688 0.610681
vt 0.864810 0.686401
vt 0.876321 0.681550
vt 0.841762 0.872242
vt 0.855935 0.877733
vt 0.669846 0.237347
vt 0.693564 0.290670
vt 0.809155 0.224102
vt 0.804566 0.143876
vt 0.838473 0.824523
vt 0.838647 0.778109
vt 0.741643 0.769092
vt 0.724644 0.809302
vt 0.523811 0.610267
vt 0.523762 0.623857
vt 0.523811 0.889587
vt 0.523863 0.903859
vt 0.063638 0.008108
vt 0.063638 0.490231
vt 0.117237 0.490231
vt 0.117237 0.008108
vt 0.008837 0.008108
vt 0.008837 0.490231
vt 0.951149 0.185137
vt 0.931373 0.253507
vt 0.930582 0.778090
vt 0.951149 0.811659
vt 0.880525 0.835570
vt 0.892035 0.830720
vt 0.864773 0.201510
vt 0.853225 0.197037
vt 0.572622 0.764395
vt 0.572622 0.522885
vt 0.491946 0.648230
vt 0.503089 0.792377
vt 0.490794 0.626724
vt 0.515384 0.935222
vt 0.540203 0.821560
vt 0.545304 0.704171
vt 0.545304 0.921047
vt 0.528579 0.918140
vt 0.511913 0.562927
vt 0.798055 0.334961
vt 0.695774 0.311598
vt 0.766396 0.787447
vt 0.525441 0.714388
vt 0.536141 0.708654
vt 0.536141 0.657722
vt 0.525441 0.651989
vt 0.568061 0.566739
vt 0.570926 0.588139
vt 0.541041 0.768428
vt 0.548874 0.752762
vt 0.541696 0.595929
vt 0.548874 0.613614
vt 0.568061 0.799628
vt 0.570928 0.778228
vt 0.798055 0.787975
vt 0.883240 0.538705
vt 0.936902 0.192031
vt 0.881298 0.270695
vt 0.936902 0.651245
vt 0.455341 0.781121
vt 0.456775 0.540395
vt 0.420877 0.558296
vt 0.418009 0.799738
vt 0.491886 0.762897
vt 0.491886 0.522885
vt 0.129050 0.168500
vt 0.247040 0.168500
vt 0.247040 0.250103
vt 0.129050 0.250103
vt 0.247040 0.331706
vt 0.129050 0.331706
vt 0.247040 0.413309
vt 0.129050 0.413309
vt 0.247040 0.494912
vt 0.129050 0.494912
vt 0.247040 0.412703
vt 0.129050 0.412703
vt 0.129049 0.331100
vt 0.247040 0.331100
vt 0.129049 0.249498
vt 0.247040 0.249498
vt 0.129049 0.167895
vt 0.247040 0.167895
vt 0.129049 0.086292
vt 0.247040 0.086292
vt 0.129049 0.004689
vt 0.247040 0.004689
vt 0.129050 0.005294
vt 0.247040 0.005294
vt 0.247040 0.086897
vt 0.129049 0.086897
vt 0.491541 0.531091
vt 0.502679 0.537819
vt 0.505382 0.676086
vt 0.471170 0.665977
vt 0.599877 0.472065
vt 0.579173 0.455316
vt 0.599150 0.371638
vt 0.609083 0.384921
vt 0.884796 0.719272
vt 0.892838 0.880193
vt 0.872359 0.830177
vt 0.866120 0.678044
vt 0.470629 0.786975
vt 0.505040 0.796789
vt 0.505382 0.916822
vt 0.472655 0.904545
vt 0.862447 0.882804
vt 0.748680 0.759188
vt 0.747271 0.714794
vt 0.846759 0.832377
vt 0.892838 0.486428
vt 0.872318 0.498621
vt 0.435922 0.877168
vt 0.457997 0.894461
vt 0.436450 0.970433
vt 0.414375 0.953140
vt 0.451318 0.819423
vt 0.473393 0.836717
vt 0.495616 0.685082
vt 0.517691 0.702375
vt 0.488790 0.778972
vt 0.466715 0.761679
vt 0.519569 0.562774
vt 0.541644 0.580068
vt 0.529668 0.641221
vt 0.507593 0.623928
vt 0.509330 0.637425
vt 0.501474 0.677536
vt 0.189722 0.905049
vt 0.193826 0.907624
vt 0.194359 0.922407
vt 0.190402 0.920111
vt 0.552554 0.508990
vt 0.574628 0.526284
vt 0.166843 0.820525
vt 0.162215 0.820068
vt 0.164505 0.802939
vt 0.167295 0.802010
vt 0.192971 0.874421
vt 0.194359 0.874887
vt 0.193086 0.892451
vt 0.188999 0.889912
vt 0.523809 0.648767
vt 0.515954 0.688879
vt 0.825745 0.622395
vt 0.827968 0.749577
vt 0.809470 0.753399
vt 0.807247 0.626216
vt 0.141085 0.786230
vt 0.243040 0.905426
vt 0.138770 0.905426
vt 0.822856 0.196219
vt 0.829544 0.325716
vt 0.811046 0.329536
vt 0.804359 0.200040
vt 0.829544 0.058783
vt 0.823521 0.495213
vt 0.805023 0.499034
vt 0.824270 0.934255
vt 0.808973 0.881032
vt 0.003102 0.332676
vt 0.003102 0.168318
vt 0.150128 0.168318
vt 0.150129 0.332677
vt 0.131129 0.495001
vt 0.131129 0.414166
vt 0.244418 0.414166
vt 0.244418 0.495001
vt 0.131129 0.089070
vt 0.131129 0.008235
vt 0.244418 0.008235
vt 0.244418 0.089070
vt 0.003102 0.497035
vt 0.150129 0.497035
vt 0.131129 0.331577
vt 0.131129 0.250741
vt 0.244418 0.250741
vt 0.244418 0.331577
vt 0.131129 0.333330
vt 0.131129 0.252494
vt 0.244418 0.252494
vt 0.244418 0.333330
vt 0.131129 0.493248
vt 0.131129 0.412412
vt 0.244418 0.412412
vt 0.244418 0.493248
vt 0.131129 0.169906
vt 0.244418 0.169906
vt 0.003102 0.003960
vt 0.150128 0.003960
vt 0.587931 0.685393
vt 0.587931 0.706122
vt 0.444805 0.706122
vt 0.444805 0.685393
vt 0.587931 0.747579
vt 0.587931 0.768308
vt 0.444805 0.768308
vt 0.444805 0.747580
vt 0.587931 0.602479
vt 0.587931 0.623208
vt 0.444805 0.623207
vt 0.444805 0.602478
vt 0.587931 0.789036
vt 0.587931 0.809765
vt 0.444805 0.809765
vt 0.444805 0.789037
vt 0.587931 0.664665
vt 0.444805 0.664664
vt 0.587931 0.726851
vt 0.444805 0.726851
vt 0.587931 0.830493
vt 0.587931 0.851222
vt 0.444805 0.851223
vt 0.444805 0.830494
vt 0.587931 0.643936
vt 0.444805 0.643936
vt 0.190796 0.335359
vt 0.187929 0.316741
vt 0.205569 0.307378
vt 0.207794 0.322957
vt 0.194561 0.164920
vt 0.199278 0.145910
vt 0.214794 0.167819
vt 0.210829 0.181595
vt 0.186063 0.297779
vt 0.184917 0.278692
vt 0.202782 0.275533
vt 0.203834 0.291536
vt 0.184901 0.240345
vt 0.186072 0.221253
vt 0.203673 0.227441
vt 0.202700 0.243383
vt 0.194179 0.354141
vt 0.210895 0.337874
vt 0.190862 0.183572
vt 0.207671 0.195744
vt 0.184522 0.259521
vt 0.202404 0.259450
vt 0.188049 0.202321
vt 0.205331 0.211741
vt 0.198528 0.373366
vt 0.214794 0.352212
vt 0.169074 0.215904
vt 0.171186 0.194156
vt 0.167965 0.281802
vt 0.167458 0.259858
vt 0.181815 0.386864
vt 0.177919 0.366789
vt 0.174126 0.172690
vt 0.167827 0.237845
vt 0.171498 0.324870
vt 0.169328 0.303525
vt 0.177819 0.151536
vt 0.174290 0.346089
vt 0.182111 0.130615
vt 0.679080 0.601292
vt 0.677697 0.547019
vt 0.767311 0.547019
vt 0.768230 0.583067
vt 0.683216 0.439036
vt 0.690061 0.386445
vt 0.775523 0.440366
vt 0.770977 0.475297
vt 0.699544 0.758520
vt 0.690061 0.707593
vt 0.775523 0.653673
vt 0.781822 0.687497
vt 0.711567 0.286785
vt 0.726006 0.240749
vt 0.799398 0.343595
vt 0.789808 0.374172
vt 0.683216 0.655002
vt 0.770977 0.618741
vt 0.679080 0.492746
vt 0.768230 0.510971
vt 0.711567 0.807253
vt 0.789808 0.719867
vt 0.699544 0.335519
vt 0.781822 0.406541
vt 0.726006 0.853289
vt 0.799398 0.750444
vt 0.242905 0.085800
vt 0.242905 0.126388
vt 0.133424 0.126388
vt 0.133424 0.085800
vt 0.242905 0.207563
vt 0.242905 0.248150
vt 0.133424 0.248150
vt 0.133423 0.207563
vt 0.242905 0.329326
vt 0.242905 0.369914
vt 0.133424 0.369914
vt 0.133423 0.329326
vt 0.242905 0.045212
vt 0.133424 0.045212
vt 0.242905 0.410501
vt 0.242905 0.451088
vt 0.133424 0.451088
vt 0.133424 0.410501
vt 0.242905 0.166975
vt 0.133424 0.166975
vt 0.242905 0.288738
vt 0.133423 0.288738
vt 0.242905 0.004625
vt 0.133423 0.004625
vt 0.242905 0.491676
vt 0.133424 0.491676
vt 0.245346 0.248974
vt 0.128445 0.248974
vt 0.128445 0.167098
vt 0.245346 0.167098
vt 0.128445 0.085223
vt 0.245346 0.085223
vt 0.128445 0.003347
vt 0.245346 0.003347
vt 0.245346 0.495208
vt 0.128445 0.495208
vt 0.128445 0.413332
vt 0.245346 0.413332
vt 0.128445 0.331457
vt 0.245346 0.331457
vt 0.128445 0.249581
vt 0.245346 0.249581
vt 0.128445 0.167706
vt 0.245346 0.167706
vt 0.128445 0.085830
vt 0.245346 0.085830
vt 0.128445 0.003954
vt 0.245346 0.003955
vt 0.245346 0.412725
vt 0.128445 0.412725
vt 0.128445 0.330850
vt 0.245346 0.330849
vt 0.002463 0.330474
vt 0.002463 0.165558
vt 0.148827 0.168524
vt 0.148827 0.333440
vt 0.242685 0.003789
vt 0.242685 0.084770
vt 0.132409 0.084770
vt 0.132409 0.003789
vt 0.132409 0.086571
vt 0.132409 0.005591
vt 0.242685 0.005591
vt 0.242685 0.086571
vt 0.002463 0.495389
vt 0.148827 0.498356
vt 0.132409 0.329514
vt 0.132409 0.248533
vt 0.242685 0.248533
vt 0.242685 0.329513
vt 0.242684 0.165750
vt 0.242684 0.246731
vt 0.132409 0.246731
vt 0.132409 0.165750
vt 0.132409 0.491475
vt 0.132409 0.410494
vt 0.242685 0.410494
vt 0.242685 0.491475
vt 0.132409 0.167552
vt 0.242685 0.167552
vt 0.002463 0.000642
vt 0.148827 0.003609
vt 0.572580 0.721554
vt 0.572580 0.736582
vt 0.468814 0.736582
vt 0.468814 0.721554
vt 0.572580 0.766638
vt 0.572580 0.781666
vt 0.468814 0.781666
vt 0.468814 0.766638
vt 0.572580 0.661442
vt 0.572580 0.676470
vt 0.468814 0.676469
vt 0.468814 0.661441
vt 0.572580 0.796694
vt 0.468814 0.796694
vt 0.572580 0.706525
vt 0.468814 0.706525
vt 0.572580 0.751610
vt 0.468814 0.751610
vt 0.572580 0.691498
vt 0.468814 0.691497
vt 0.189737 0.301037
vt 0.187488 0.286432
vt 0.201325 0.279090
vt 0.203071 0.291311
vt 0.192702 0.167366
vt 0.196408 0.152468
vt 0.208560 0.169676
vt 0.205445 0.180467
vt 0.186025 0.271558
vt 0.185126 0.256586
vt 0.199140 0.254110
vt 0.199965 0.266663
vt 0.185115 0.226507
vt 0.186034 0.211533
vt 0.199840 0.216386
vt 0.199077 0.228891
vt 0.192390 0.315770
vt 0.205502 0.303012
vt 0.189792 0.181989
vt 0.202994 0.192054
vt 0.184817 0.241548
vt 0.198844 0.241494
vt 0.187585 0.196687
vt 0.201140 0.204071
vt 0.195800 0.330851
vt 0.208560 0.314260
vt 0.172702 0.207333
vt 0.174361 0.190275
vt 0.171830 0.259023
vt 0.171432 0.241810
vt 0.182690 0.341437
vt 0.179634 0.325689
vt 0.176670 0.173438
vt 0.171723 0.224543
vt 0.174599 0.292807
vt 0.172898 0.276063
vt 0.179574 0.156846
vt 0.176788 0.309451
vt 0.182948 0.140443
vt 0.800858 0.601292
vt 0.799475 0.547019
vt 0.889089 0.547019
vt 0.890008 0.583067
vt 0.804994 0.439036
vt 0.811839 0.386445
vt 0.897301 0.440366
vt 0.892755 0.475297
vt 0.821322 0.758520
vt 0.811839 0.707593
vt 0.897301 0.653672
vt 0.903600 0.687498
vt 0.833345 0.286785
vt 0.847784 0.240749
vt 0.921176 0.343595
vt 0.911586 0.374172
vt 0.804994 0.655003
vt 0.892755 0.618742
vt 0.800859 0.492746
vt 0.890008 0.510971
vt 0.833345 0.807253
vt 0.911586 0.719867
vt 0.821322 0.335519
vt 0.903600 0.406541
vt 0.847784 0.853289
vt 0.921176 0.750444
vt 0.242510 0.087047
vt 0.242510 0.127923
vt 0.131728 0.127923
vt 0.131728 0.087047
vt 0.242510 0.209676
vt 0.242510 0.250553
vt 0.131728 0.250553
vt 0.131728 0.209676
vt 0.242510 0.332304
vt 0.242510 0.373181
vt 0.131728 0.373182
vt 0.131728 0.332305
vt 0.242510 0.046170
vt 0.131728 0.046170
vt 0.242510 0.414058
vt 0.242510 0.454933
vt 0.131728 0.454934
vt 0.131728 0.414058
vt 0.242510 0.168800
vt 0.131728 0.168800
vt 0.242510 0.291428
vt 0.131728 0.291428
vt 0.242510 0.005294
vt 0.131728 0.005294
vt 0.242510 0.495810
vt 0.131728 0.495810
vt 0.216597 0.876679
vt 0.216123 0.876827
vt 0.216229 0.864254
vt 0.216587 0.864285
vt 0.216491 0.847897
vt 0.226483 0.847737
vt 0.226483 0.865754
vt 0.225105 0.863861
vt 0.522890 0.652413
vt 0.541879 0.670083
vt 0.551140 0.806204
vt 0.220344 0.889389
vt 0.216609 0.889074
vt 0.220332 0.876996
vt 0.220321 0.864602
vt 0.220344 0.848213
vt 0.533405 0.516335
vt 0.551140 0.512093
vt 0.546159 0.591006
vt 0.528148 0.584374
vt 0.165833 0.835466
vt 0.160886 0.834587
vt 0.784657 0.693412
vt 0.781835 0.521958
vt 0.805192 0.525302
vt 0.781487 0.251805
vt 0.805541 0.270048
vt 0.779970 0.323791
vt 0.769363 0.315747
vt 0.805541 0.780557
vt 0.751285 0.796370
vt 0.744633 0.705078
vt 0.840352 0.223511
vt 0.828106 0.277155
vt 0.797065 0.202122
vt 0.790115 0.258383
vt 0.762919 0.529995
vt 0.847205 0.498051
vt 0.848032 0.716815
vt 0.801102 0.717523
vt 0.880592 0.515241
vt 0.880592 0.752897
vt 0.834592 0.602248
vt 0.192566 0.182407
vt 0.192861 0.170074
vt 0.223387 0.179158
vt 0.222745 0.188130
vt 0.192755 0.270180
vt 0.192831 0.248470
vt 0.209221 0.246477
vt 0.222513 0.270789
vt 0.834511 0.764716
vt 0.798136 0.603884
vt 0.799802 0.311598
vt 0.834511 0.311701
vt 0.206024 0.940168
vt 0.199292 0.940311
vt 0.203810 0.922302
vt 0.206060 0.922321
vt 0.173867 0.291325
vt 0.172969 0.303272
vt 0.152975 0.292845
vt 0.154092 0.283931
vt 0.174633 0.206719
vt 0.175161 0.227862
vt 0.155189 0.229834
vt 0.154317 0.211497
vt 0.174844 0.269613
vt 0.155286 0.266754
vt 0.173595 0.184483
vt 0.152800 0.193051
vt 0.175242 0.248650
vt 0.155479 0.248013
vt 0.172598 0.171921
vt 0.151542 0.183664
vt 0.192740 0.226810
vt 0.192605 0.205032
vt 0.192759 0.292917
vt 0.193019 0.305427
vt 0.729510 0.846546
vt 0.720798 0.795091
vt 0.866814 0.711143
vt 0.878826 0.740008
vt 0.710515 0.587690
vt 0.719262 0.483062
vt 0.859214 0.557750
vt 0.853553 0.606584
vt 0.764902 0.289636
vt 0.782493 0.246486
vt 0.906677 0.454891
vt 0.890258 0.473209
vt 0.711363 0.692656
vt 0.855997 0.657701
vt 0.737673 0.382750
vt 0.870931 0.513077
vt 0.222414 0.204988
vt 0.222767 0.287726
vt 0.209322 0.229469
vt 0.223387 0.296688
vt 0.903940 0.408743
vt 0.834616 0.450173
vt 0.834592 0.376398
vt 0.903919 0.345424
vt 0.906121 0.311598
vt 0.680272 0.672878
vt 0.900340 0.533199
vt 0.765158 0.377104
vt 0.903504 0.478154
vt 0.918543 0.672878
vt 0.680272 0.377104
vt 0.906121 0.515079
vt 0.206060 0.950766
vt 0.934716 0.493267
vt 0.686995 0.668977
vt 0.782547 0.668977
vt 0.959304 0.322566
vt 0.767316 0.365606
vt 0.848032 0.304026
vt 0.914573 0.681600
vt 0.843664 0.514923
vt 0.914573 0.183772
vt 0.156459 0.908197
vt 0.153712 0.905924
vt 0.129050 0.168500
vt 0.129050 0.250103
vt 0.247040 0.250103
vt 0.247040 0.168500
vt 0.129050 0.331706
vt 0.247040 0.331706
vt 0.129050 0.413309
vt 0.247040 0.413309
vt 0.129050 0.494912
vt 0.247040 0.494912
vt 0.247040 0.412703
vt 0.247040 0.331100
vt 0.129049 0.331100
vt 0.129050 0.412703
vt 0.247040 0.249498
vt 0.129049 0.249498
vt 0.247040 0.167895
vt 0.129049 0.167895
vt 0.247040 0.086292
vt 0.129049 0.086292
vt 0.247040 0.004689
vt 0.129049 0.004689
vt 0.129050 0.005294
vt 0.129049 0.086897
vt 0.247040 0.086897
vt 0.247040 0.005294
vt 0.491541 0.531091
vt 0.471170 0.665977
vt 0.505382 0.676086
vt 0.502679 0.537819
vt 0.599877 0.472065
vt 0.609083 0.384921
vt 0.599150 0.371638
vt 0.579173 0.455316
vt 0.884796 0.719272
vt 0.866120 0.678044
vt 0.872359 0.830177
vt 0.892838 0.880193
vt 0.470629 0.786975
vt 0.472655 0.904545
vt 0.505382 0.916822
vt 0.505040 0.796789
vt 0.862447 0.882804
vt 0.846759 0.832377
vt 0.892838 0.486428
vt 0.872318 0.498621
vt 0.435922 0.877168
vt 0.414375 0.953140
vt 0.436450 0.970433
vt 0.457997 0.894461
vt 0.451318 0.819423
vt 0.473393 0.836717
vt 0.495616 0.685082
vt 0.466715 0.761679
vt 0.488790 0.778972
vt 0.517691 0.702375
vt 0.519569 0.562774
vt 0.507593 0.623928
vt 0.529668 0.641221
vt 0.541644 0.580068
vt 0.501474 0.677536
vt 0.509330 0.637425
vt 0.189722 0.905049
vt 0.190402 0.920111
vt 0.194359 0.922407
vt 0.193826 0.907624
vt 0.552554 0.508990
vt 0.574628 0.526284
vt 0.166843 0.820525
vt 0.167295 0.802010
vt 0.164505 0.802939
vt 0.162215 0.820068
vt 0.192971 0.874421
vt 0.188999 0.889912
vt 0.193086 0.892451
vt 0.194359 0.874887
vt 0.523809 0.648767
vt 0.515954 0.688879
vt 0.825745 0.622395
vt 0.807247 0.626216
vt 0.809470 0.753399
vt 0.827968 0.749577
vt 0.141085 0.786230
vt 0.138770 0.905426
vt 0.243040 0.905426
vt 0.822856 0.196219
vt 0.804359 0.200040
vt 0.811046 0.329536
vt 0.829544 0.325716
vt 0.829544 0.058783
vt 0.823521 0.495213
vt 0.805023 0.499034
vt 0.808973 0.881032
vt 0.824270 0.934255
vt 0.003102 0.332676
vt 0.150129 0.332677
vt 0.150128 0.168318
vt 0.003102 0.168318
vt 0.131129 0.495001
vt 0.244418 0.495001
vt 0.244418 0.414166
vt 0.131129 0.414166
vt 0.131129 0.089070
vt 0.244418 0.089070
vt 0.244418 0.008235
vt 0.131129 0.008235
vt 0.003102 0.497035
vt 0.150129 0.497035
vt 0.131129 0.331577
vt 0.244418 0.331577
vt 0.244418 0.250741
vt 0.131129 0.250741
vt 0.131129 0.333330
vt 0.244418 0.333330
vt 0.244418 0.252494
vt 0.131129 0.252494
vt 0.131129 0.493248
vt 0.244418 0.493248
vt 0.244418 0.412412
vt 0.131129 0.412412
vt 0.131129 0.169906
vt 0.244418 0.169906
vt 0.150128 0.003960
vt 0.003102 0.003960
vt 0.587931 0.685393
vt 0.444805 0.685393
vt 0.444805 0.706122
vt 0.587931 0.706122
vt 0.587931 0.747579
vt 0.444805 0.747580
vt 0.444805 0.768308
vt 0.587931 0.768308
vt 0.587931 0.602479
vt 0.444805 0.602478
vt 0.444805 0.623207
vt 0.587931 0.623208
vt 0.587931 0.789036
vt 0.444805 0.789037
vt 0.444805 0.809765
vt 0.587931 0.809765
vt 0.587931 0.664665
vt 0.444805 0.664664
vt 0.587931 0.726851
vt 0.444805 0.726851
vt 0.587931 0.830493
vt 0.444805 0.830494
vt 0.444805 0.851223
vt 0.587931 0.851222
vt 0.587931 0.643936
vt 0.444805 0.643936
vt 0.190796 0.335359
vt 0.207794 0.322957
vt 0.205569 0.307378
vt 0.187929 0.316741
vt 0.194561 0.164920
vt 0.210829 0.181595
vt 0.214794 0.167819
vt 0.199278 0.145910
vt 0.186063 0.297779
vt 0.203834 0.291536
vt 0.202782 0.275533
vt 0.184917 0.278692
vt 0.184901 0.240345
vt 0.202700 0.243383
vt 0.203673 0.227441
vt 0.186072 0.221253
vt 0.194179 0.354141
vt 0.210895 0.337874
vt 0.190862 0.183572
vt 0.207671 0.195744
vt 0.184522 0.259521
vt 0.202404 0.259450
vt 0.188049 0.202321
vt 0.205331 0.211741
vt 0.198528 0.373366
vt 0.214794 0.352212
vt 0.169074 0.215904
vt 0.171186 0.194156
vt 0.167965 0.281802
vt 0.167458 0.259858
vt 0.181815 0.386864
vt 0.177919 0.366789
vt 0.174126 0.172690
vt 0.167827 0.237845
vt 0.171498 0.324870
vt 0.169328 0.303525
vt 0.177819 0.151536
vt 0.174290 0.346089
vt 0.182111 0.130615
vt 0.679080 0.601292
vt 0.768230 0.583067
vt 0.767311 0.547019
vt 0.677697 0.547019
vt 0.683216 0.439036
vt 0.770977 0.475297
vt 0.775523 0.440366
vt 0.690061 0.386445
vt 0.699544 0.758520
vt 0.781822 0.687497
vt 0.775523 0.653673
vt 0.690061 0.707593
vt 0.711567 0.286785
vt 0.789808 0.374172
vt 0.799398 0.343595
vt 0.726006 0.240749
vt 0.683216 0.655002
vt 0.770977 0.618741
vt 0.679080 0.492746
vt 0.768230 0.510971
vt 0.711567 0.807253
vt 0.789808 0.719867
vt 0.699544 0.335519
vt 0.781822 0.406541
vt 0.726006 0.853289
vt 0.799398 0.750444
vt 0.242905 0.085800
vt 0.133424 0.085800
vt 0.133424 0.126388
vt 0.242905 0.126388
vt 0.242905 0.207563
vt 0.133423 0.207563
vt 0.133424 0.248150
vt 0.242905 0.248150
vt 0.242905 0.329326
vt 0.133423 0.329326
vt 0.133424 0.369914
vt 0.242905 0.369914
vt 0.242905 0.045212
vt 0.133424 0.045212
vt 0.242905 0.410501
vt 0.133424 0.410501
vt 0.133424 0.451088
vt 0.242905 0.451088
vt 0.242905 0.166975
vt 0.133424 0.166975
vt 0.242905 0.288738
vt 0.133423 0.288738
vt 0.242905 0.004625
vt 0.133423 0.004625
vt 0.133424 0.491676
vt 0.242905 0.491676
vt 0.245346 0.248974
vt 0.245346 0.167098
vt 0.128445 0.167098
vt 0.128445 0.248974
vt 0.245346 0.085223
vt 0.128445 0.085223
vt 0.245346 0.003347
vt 0.128445 0.003347
vt 0.245346 0.495208
vt 0.245346 0.413332
vt 0.128445 0.413332
vt 0.128445 0.495208
vt 0.245346 0.331457
vt 0.128445 0.331457
vt 0.245346 0.249581
vt 0.128445 0.249581
vt 0.245346 0.167706
vt 0.128445 0.167706
vt 0.245346 0.085830
vt 0.128445 0.085830
vt 0.245346 0.003955
vt 0.128445 0.003954
vt 0.245346 0.412725
vt 0.245346 0.330849
vt 0.128445 0.330850
vt 0.128445 0.412725
vt 0.002463 0.330474
vt 0.148827 0.333440
vt 0.148827 0.168524
vt 0.002463 0.165558
vt 0.242685 0.003789
vt 0.132409 0.003789
vt 0.132409 0.084770
vt 0.242685 0.084770
vt 0.132409 0.086571
vt 0.242685 0.086571
vt 0.242685 0.005591
vt 0.132409 0.005591
vt 0.002463 0.495389
vt 0.148827 0.498356
vt 0.132409 0.329514
vt 0.242685 0.329513
vt 0.242685 0.248533
vt 0.132409 0.248533
vt 0.242684 0.165750
vt 0.132409 0.165750
vt 0.132409 0.246731
vt 0.242684 0.246731
vt 0.132409 0.491475
vt 0.242685 0.491475
vt 0.242685 0.410494
vt 0.132409 0.410494
vt 0.132409 0.167552
vt 0.242685 0.167552
vt 0.148827 0.003609
vt 0.002463 0.000642
vt 0.572580 0.721554
vt 0.468814 0.721554
vt 0.468814 0.736582
vt 0.572580 0.736582
vt 0.572580 0.766638
vt 0.468814 0.766638
vt 0.468814 0.781666
vt 0.572580 0.781666
vt 0.572580 0.661442
vt 0.468814 0.661441
vt 0.468814 0.676469
vt 0.572580 0.676470
vt 0.572580 0.796694
vt 0.468814 0.796694
vt 0.572580 0.706525
vt 0.468814 0.706525
vt 0.572580 0.751610
vt 0.468814 0.751610
vt 0.572580 0.691498
vt 0.468814 0.691497
vt 0.189737 0.301037
vt 0.203071 0.291311
vt 0.201325 0.279090
vt 0.187488 0.286432
vt 0.192702 0.167366
vt 0.205445 0.180467
vt 0.208560 0.169676
vt 0.196408 0.152468
vt 0.186025 0.271558
vt 0.199965 0.266663
vt 0.199140 0.254110
vt 0.185126 0.256586
vt 0.185115 0.226507
vt 0.199077 0.228891
vt 0.199840 0.216386
vt 0.186034 0.211533
vt 0.192390 0.315770
vt 0.205502 0.303012
vt 0.189792 0.181989
vt 0.202994 0.192054
vt 0.184817 0.241548
vt 0.198844 0.241494
vt 0.187585 0.196687
vt 0.201140 0.204071
vt 0.195800 0.330851
vt 0.208560 0.314260
vt 0.172702 0.207333
vt 0.174361 0.190275
vt 0.171830 0.259023
vt 0.171432 0.241810
vt 0.182690 0.341437
vt 0.179634 0.325689
vt 0.176670 0.173438
vt 0.171723 0.224543
vt 0.174599 0.292807
vt 0.172898 0.276063
vt 0.179574 0.156846
vt 0.176788 0.309451
vt 0.182948 0.140443
vt 0.800858 0.601292
vt 0.890008 0.583067
vt 0.889089 0.547019
vt 0.799475 0.547019
vt 0.804994 0.439036
vt 0.892755 0.475297
vt 0.897301 0.440366
vt 0.811839 0.386445
vt 0.821322 0.758520
vt 0.903600 0.687498
vt 0.897301 0.653672
vt 0.811839 0.707593
vt 0.833345 0.286785
vt 0.911586 0.374172
vt 0.921176 0.343595
vt 0.847784 0.240749
vt 0.804994 0.655003
vt 0.892755 0.618742
vt 0.800859 0.492746
vt 0.890008 0.510971
vt 0.833345 0.807253
vt 0.911586 0.719867
vt 0.821322 0.335519
vt 0.903600 0.406541
vt 0.847784 0.853289
vt 0.921176 0.750444
vt 0.242510 0.087047
vt 0.131728 0.087047
vt 0.131728 0.127923
vt 0.242510 0.127923
vt 0.242510 0.209676
vt 0.131728 0.209676
vt 0.131728 0.250553
vt 0.242510 0.250553
vt 0.242510 0.332304
vt 0.131728 0.332305
vt 0.131728 0.373182
vt 0.242510 0.373181
vt 0.242510 0.046170
vt 0.131728 0.046170
vt 0.242510 0.414058
vt 0.131728 0.414058
vt 0.131728 0.454934
vt 0.242510 0.454933
vt 0.242510 0.168800
vt 0.131728 0.168800
vt 0.242510 0.291428
vt 0.131728 0.291428
vt 0.242510 0.005294
vt 0.131728 0.005294
vt 0.131728 0.495810
vt 0.242510 0.495810
vt 0.216597 0.876679
vt 0.216587 0.864285
vt 0.216229 0.864254
vt 0.216123 0.876827
vt 0.216491 0.847897
vt 0.226483 0.847737
vt 0.225105 0.863861
vt 0.226483 0.865754
vt 0.522890 0.652413
vt 0.551140 0.806204
vt 0.541879 0.670083
vt 0.220344 0.889389
vt 0.220332 0.876996
vt 0.216609 0.889074
vt 0.220321 0.864602
vt 0.220344 0.848213
vt 0.528148 0.584374
vt 0.546159 0.591006
vt 0.160886 0.834587
vt 0.165833 0.835466
vt 0.784657 0.693412
vt 0.805192 0.525302
vt 0.781835 0.521958
vt 0.779970 0.323791
vt 0.805541 0.270048
vt 0.805541 0.780557
vt 0.840352 0.223511
vt 0.828106 0.277155
vt 0.762919 0.529995
vt 0.801102 0.717523
vt 0.880592 0.515241
vt 0.834592 0.602248
vt 0.880592 0.752897
vt 0.192566 0.182407
vt 0.222745 0.188130
vt 0.192755 0.270180
vt 0.222513 0.270789
vt 0.209221 0.246477
vt 0.192831 0.248470
vt 0.834511 0.764716
vt 0.834511 0.311701
vt 0.799802 0.311598
vt 0.798136 0.603884
vt 0.203810 0.922302
vt 0.199292 0.940311
vt 0.173867 0.291325
vt 0.154092 0.283931
vt 0.174633 0.206719
vt 0.154317 0.211497
vt 0.155189 0.229834
vt 0.175161 0.227862
vt 0.174844 0.269613
vt 0.155286 0.266754
vt 0.173595 0.184483
vt 0.152800 0.193051
vt 0.175242 0.248650
vt 0.155479 0.248013
vt 0.192740 0.226810
vt 0.192605 0.205032
vt 0.192759 0.292917
vt 0.866814 0.711143
vt 0.720798 0.795091
vt 0.710515 0.587690
vt 0.853553 0.606584
vt 0.859214 0.557750
vt 0.719262 0.483062
vt 0.764902 0.289636
vt 0.890258 0.473209
vt 0.711363 0.692656
vt 0.855997 0.657701
vt 0.737673 0.382750
vt 0.870931 0.513077
vt 0.222414 0.204988
vt 0.222767 0.287726
vt 0.209322 0.229469
vt 0.903940 0.408743
vt 0.834592 0.376398
vt 0.834616 0.450173
vt 0.903919 0.345424
vt 0.906121 0.311598
vt 0.765158 0.377104
vt 0.900340 0.533199
vt 0.903504 0.478154
vt 0.918543 0.672878
vt 0.906121 0.515079
vt 0.934716 0.493267
vt 0.782547 0.668977
vt 0.959304 0.322566
vt 0.767316 0.365606
vt 0.914573 0.183772
vt 0.153712 0.905924
vt 0.156459 0.908197
vt 0.039896 0.897870
vt 0.031211 0.907899
vt 0.021182 0.907899
vt 0.012496 0.897870
vt 0.007482 0.880499
vt 0.007482 0.860440
vt 0.012496 0.843069
vt 0.021182 0.833040
vt 0.031211 0.833040
vt 0.039896 0.843069
vt 0.044911 0.860440
vt 0.044911 0.880499
vt 0.058642 0.907899
vt 0.049957 0.897870
vt 0.044942 0.880499
vt 0.044942 0.860440
vt 0.049957 0.843069
vt 0.058642 0.833040
vt 0.068671 0.833040
vt 0.077357 0.843069
vt 0.082371 0.860440
vt 0.082371 0.880499
vt 0.077357 0.897870
vt 0.068671 0.907899
vt 0.089559 0.930802
vt 0.082402 0.930802
vt 0.082402 0.917705
vt 0.082402 0.895019
vt 0.082402 0.868824
vt 0.082402 0.846138
vt 0.082402 0.833040
vt 0.089559 0.833040
vt 0.100902 0.846138
vt 0.107451 0.868824
vt 0.107451 0.895019
vt 0.100902 0.917705
vt 0.039896 0.897870
vt 0.044911 0.880499
vt 0.044911 0.860440
vt 0.039896 0.843069
vt 0.031211 0.833040
vt 0.021182 0.833040
vt 0.012496 0.843069
vt 0.007482 0.860440
vt 0.007482 0.880499
vt 0.012496 0.897870
vt 0.021182 0.907899
vt 0.031211 0.907899
vt 0.058642 0.907899
vt 0.068671 0.907899
vt 0.077357 0.897870
vt 0.082371 0.880499
vt 0.082371 0.860440
vt 0.077357 0.843069
vt 0.068671 0.833040
vt 0.058642 0.833040
vt 0.049957 0.843069
vt 0.044942 0.860440
vt 0.044942 0.880499
vt 0.049957 0.897870
vt 0.089559 0.930802
vt 0.100902 0.917705
vt 0.107451 0.895019
vt 0.107451 0.868824
vt 0.100902 0.846138
vt 0.089559 0.833040
vt 0.548591 0.144546
vt 0.550101 0.143806
vt 0.586201 0.339141
vt 0.536064 0.156126
vt 0.537351 0.154411
vt 0.540010 0.151297
vt 0.541379 0.149899
vt 0.544193 0.147430
vt 0.545636 0.146358
vt 0.534804 0.157946
vt 0.547102 0.145397
vt 0.538667 0.152801
vt 0.542773 0.148610
vt 0.533574 0.159869
vt 0.552562 0.139280
vt 0.554927 0.137821
vt 0.585422 0.340141
vt 0.532278 0.157443
vt 0.534428 0.154991
vt 0.538812 0.150405
vt 0.541045 0.148274
vt 0.545585 0.144341
vt 0.547889 0.142540
vt 0.530159 0.159999
vt 0.550215 0.140854
vt 0.536606 0.152645
vt 0.543303 0.146252
vt 0.528072 0.162657
vt 0.548591 0.144546
vt 0.586201 0.339141
vt 0.550101 0.143806
vt 0.536064 0.156126
vt 0.537351 0.154411
vt 0.540010 0.151297
vt 0.541379 0.149899
vt 0.544193 0.147430
vt 0.545636 0.146358
vt 0.534804 0.157946
vt 0.547102 0.145397
vt 0.538667 0.152801
vt 0.542773 0.148610
vt 0.533574 0.159869
vt 0.552562 0.139280
vt 0.585422 0.340141
vt 0.554927 0.137821
vt 0.532278 0.157443
vt 0.534428 0.154991
vt 0.538812 0.150405
vt 0.541045 0.148274
vt 0.545585 0.144341
vt 0.547889 0.142540
vt 0.530159 0.159999
vt 0.550215 0.140854
vt 0.536606 0.152645
vt 0.543303 0.146252
vt 0.528072 0.162657
vn 0.0000 0.0000 1.0000
vn 0.0000 -0.0000 -1.0000
vn 0.0000 0.9529 0.3034
vn 0.0000 -0.9518 0.3068
vn 0.0000 -0.9545 -0.2983
vn -0.0000 0.9545 0.2983
vn 0.0000 1.0000 0.0000
vn 0.8158 -0.5783 0.0000
vn -0.7083 0.2005 0.6769
vn 0.0000 -1.0000 0.0000
vn 0.7311 -0.5183 -0.4437
vn 0.0547 -0.9985 -0.0076
vn 0.6655 0.3944 -0.6337
vn -0.7713 0.1522 -0.6180
vn 0.6694 -0.4477 -0.5928
vn -0.5199 0.8542 0.0000
vn -0.0068 -1.0000 0.0000
vn 0.5199 -0.8542 0.0000
vn 0.0000 -0.5957 -0.8032
vn 0.7991 -0.0402 -0.5998
vn 0.0193 -0.9998 -0.0020
vn 0.0198 0.1579 -0.9873
vn 0.0106 -0.9999 -0.0050
vn -0.9469 0.2809 -0.1565
vn 0.0347 0.9754 0.2175
vn 0.0205 0.0168 0.9996
vn 0.0166 0.0203 0.9997
vn -0.0079 -1.0000 0.0000
vn -0.5000 0.8660 0.0000
vn -0.8660 0.5000 0.0000
vn 0.5557 0.8314 0.0000
vn -0.6483 -0.7613 -0.0103
vn 0.6359 0.7710 0.0336
vn 0.5783 0.8158 0.0000
vn -0.5783 -0.8158 0.0000
vn -0.4431 -0.8552 0.2689
vn 0.3620 -0.2566 0.8962
vn 0.4431 0.8552 -0.2689
vn 0.1750 -0.9837 0.0419
vn 0.4805 -0.2637 -0.8364
vn 0.0880 -0.9958 -0.0254
vn -0.0060 -1.0000 0.0063
vn 0.0127 -0.9999 0.0006
vn -0.3620 0.2566 -0.8962
vn 0.2967 -0.1713 -0.9395
vn 0.7286 0.0513 -0.6830
vn 0.0060 -0.1532 -0.9882
vn 0.9497 -0.2887 -0.1215
vn 0.9560 0.2668 -0.1223
vn 0.0072 1.0000 -0.0061
vn -0.7602 -0.1170 -0.6391
vn -0.5823 0.7120 -0.3925
vn -0.7869 -0.1629 -0.5952
vn 0.0006 0.9983 0.0588
vn 0.0000 0.8225 0.5688
vn -0.8982 0.4396 0.0000
vn 0.0000 0.8225 -0.5688
vn 0.8982 0.4396 0.0000
vn -0.1389 0.0000 0.9903
vn -0.8374 0.0000 0.5466
vn 0.0000 0.9585 0.2852
vn 0.9515 0.0000 -0.3075
vn 0.1379 0.0000 0.9904
vn 0.9478 0.0000 -0.3189
vn 0.0000 -0.6847 0.7288
vn 0.0000 0.1399 0.9902
vn 0.0000 -0.1332 0.9911
vn -1.0000 0.0000 0.0000
vn 1.0000 0.0000 0.0000
vn -0.9421 0.0000 0.3355
vn 0.8864 0.2510 0.3890
vn -0.6066 0.0269 0.7945
vn 0.9289 0.0000 0.3705
vn 0.6002 0.0000 -0.7999
vn 0.0000 -0.4186 -0.9082
vn 0.0000 0.7715 -0.6362
vn -0.8158 -0.5783 0.0000
vn 0.7083 0.2005 0.6769
vn -0.7311 -0.5183 -0.4437
vn -0.0547 -0.9985 -0.0076
vn -0.6655 0.3944 -0.6337
vn 0.7713 0.1522 -0.6180
vn -0.6694 -0.4477 -0.5928
vn 0.5199 0.8542 0.0000
vn 0.0068 -1.0000 0.0000
vn -0.5199 -0.8542 0.0000
vn -0.7991 -0.0402 -0.5998
vn -0.0193 -0.9998 -0.0020
vn -0.0198 0.1579 -0.9873
vn -0.0106 -0.9999 -0.0050
vn 0.9469 0.2809 -0.1565
vn -0.0347 0.9754 0.2175
vn -0.0205 0.0168 0.9996
vn -0.0166 0.0203 0.9997
vn 0.0079 -1.0000 0.0000
vn 0.5000 0.8660 0.0000
vn 0.8660 0.5000 0.0000
vn -0.5557 0.8314 0.0000
vn 0.6483 -0.7613 -0.0103
vn -0.6359 0.7710 0.0336
vn -0.5783 0.8158 0.0000
vn 0.5783 -0.8158 0.0000
vn 0.4431 -0.8552 0.2689
vn -0.3620 -0.2566 0.8962
vn -0.4431 0.8552 -0.2689
vn -0.1750 -0.9837 0.0419
vn -0.4805 -0.2637 -0.8364
vn -0.0880 -0.9958 -0.0254
vn 0.0060 -1.0000 0.0063
vn -0.0127 -0.9999 0.0006
vn 0.3620 0.2566 -0.8962
vn -0.2967 -0.1713 -0.9395
vn -0.7286 0.0513 -0.6830
vn -0.0060 -0.1532 -0.9882
vn -0.9497 -0.2887 -0.1215
vn -0.9560 0.2668 -0.1223
vn -0.0072 1.0000 -0.0061
vn 0.7602 -0.1170 -0.6391
vn 0.5823 0.7120 -0.3925
vn 0.7869 -0.1629 -0.5952
vn -0.0006 0.9983 0.0588
vn 0.1389 0.0000 0.9903
vn 0.8374 0.0000 0.5466
vn -0.9515 0.0000 -0.3075
vn -0.1379 0.0000 0.9904
vn -0.9478 0.0000 -0.3189
vn 0.9421 0.0000 0.3355
vn -0.8864 0.2510 0.3890
vn 0.6066 0.0269 0.7945
vn -0.9289 0.0000 0.3705
vn -0.6002 0.0000 -0.7999
vn -0.1960 0.7313 -0.6532
vn -0.1960 0.7313 0.6532
vn 0.1960 0.7313 0.6532
vn 0.1960 0.7313 -0.6532
vn 0.5354 0.5354 0.6532
vn 0.5354 0.5354 -0.6532
vn 0.7313 0.1960 0.6532
vn 0.7313 0.1960 -0.6532
vn 0.7313 -0.1960 0.6532
vn 0.7313 -0.1960 -0.6532
vn 0.5354 -0.5354 0.6532
vn 0.5354 -0.5354 -0.6532
vn 0.1960 -0.7313 0.6532
vn 0.1960 -0.7313 -0.6532
vn -0.1960 -0.7313 0.6532
vn -0.1960 -0.7313 -0.6532
vn -0.5354 -0.5354 0.6532
vn -0.5354 -0.5354 -0.6532
vn -0.2746 -0.4720 0.8377
vn -0.2746 -0.4720 -0.8377
vn -0.2723 0.4717 -0.8386
vn -0.2723 0.4717 0.8386
vn -0.5354 0.5354 0.6532
vn -0.5354 0.5354 -0.6532
vn -0.5528 -0.0038 0.8333
vn -0.4242 0.5636 0.7087
vn -0.5037 0.7609 0.4089
vn -0.9377 -0.0424 0.3449
vn 0.9911 -0.1009 0.0870
vn 0.5622 0.7939 0.2312
vn 0.2300 0.5636 0.7934
vn 0.6999 -0.0553 0.7121
vn 0.3407 -0.9386 -0.0540
vn 0.0598 -0.9931 -0.1004
vn 0.2825 -0.9527 0.1119
vn 0.2821 -0.9593 -0.0138
vn -0.9517 -0.0080 0.3069
vn -0.5131 0.7576 0.4034
vn -0.3979 0.7837 0.4770
vn -0.0686 0.6053 0.7930
vn -0.1783 -0.9283 0.3264
vn 0.0000 -0.9020 0.4317
vn 0.0000 -0.9855 0.1693
vn -0.1966 -0.9261 0.3218
vn 0.2188 -0.9737 -0.0636
vn 0.3053 -0.9494 -0.0734
vn 0.4862 0.8647 -0.1259
vn 0.8615 -0.4590 -0.2172
vn 0.7590 0.0573 -0.6485
vn 0.4822 0.8216 -0.3039
vn 0.4823 0.8690 -0.1107
vn 0.8547 -0.4821 -0.1921
vn 0.5332 0.8297 -0.1651
vn 0.9683 -0.0318 -0.2476
vn 0.8241 -0.1288 -0.5516
vn 0.4320 0.8864 -0.1661
vn 0.4043 0.9135 0.0456
vn 0.9522 0.0189 -0.3048
vn 0.9994 -0.0349 0.0000
vn 0.4899 0.8717 0.0000
vn 0.6159 0.7278 0.3015
vn 0.6159 0.7278 -0.3015
vn -0.5725 -0.8174 -0.0632
vn 0.5276 0.8495 -0.0042
vn 0.9199 -0.0094 -0.3920
vn 0.7183 -0.2595 0.6455
vn -0.2245 -0.5999 0.7679
vn -0.5033 -0.8543 0.1295
vn 0.9294 0.2127 0.3015
vn 0.9294 0.2127 -0.3015
vn 0.4481 0.8925 -0.0514
vn 0.4526 0.8884 -0.0766
vn 0.4802 0.8730 -0.0847
vn 0.4823 0.8715 -0.0887
vn 0.4127 0.9090 -0.0580
vn 0.4788 0.8747 -0.0754
vn 0.3917 0.9199 0.0161
vn 0.0366 0.9833 0.1781
vn 0.4640 0.8802 -0.0998
vn 0.4242 0.9015 -0.0850
vn 0.3757 0.7875 -0.4885
vn 0.0021 0.8655 -0.5008
vn 0.6160 -0.1650 -0.7703
vn 0.4509 -0.4509 -0.7703
vn -0.1650 0.6160 -0.7703
vn 0.1650 0.6160 -0.7703
vn -0.4509 0.4509 -0.7703
vn 0.6160 0.1650 -0.7703
vn -0.4509 -0.4509 -0.7703
vn -0.6160 -0.1650 -0.7703
vn -0.7313 -0.1960 -0.6532
vn 0.4509 0.4509 -0.7703
vn 0.1650 -0.6160 -0.7703
vn -0.1650 -0.6160 -0.7703
vn -0.6160 0.1650 -0.7703
vn -0.7313 0.1960 -0.6532
vn -0.9561 0.2562 0.1420
vn -0.9561 -0.2562 0.1420
vn -0.6313 -0.1691 0.7568
vn -0.6313 0.1691 0.7568
vn 0.2550 0.9565 0.1414
vn -0.2562 0.9561 0.1420
vn -0.1691 0.6313 0.7568
vn 0.1708 0.6315 0.7563
vn -0.6999 -0.6999 0.1420
vn -0.2562 -0.9561 0.1420
vn -0.1691 -0.6313 0.7568
vn -0.4621 -0.4621 0.7568
vn 0.6999 -0.6999 0.1420
vn 0.9561 -0.2562 0.1420
vn 0.6313 -0.1691 0.7568
vn 0.4621 -0.4621 0.7568
vn -0.6999 0.6999 0.1420
vn -0.4621 0.4621 0.7568
vn 0.6994 0.7005 0.1418
vn 0.4681 0.4747 0.7453
vn 0.2562 -0.9561 0.1420
vn 0.1691 -0.6313 0.7568
vn 0.9559 0.2568 0.1424
vn 0.6320 0.1739 0.7552
vn 0.6160 -0.1650 0.7703
vn 0.6160 0.1650 0.7703
vn -0.1650 -0.6160 0.7703
vn 0.1650 -0.6160 0.7703
vn -0.1650 0.6160 0.7703
vn -0.4509 0.4509 0.7703
vn 0.4509 0.4509 0.7703
vn 0.4509 -0.4509 0.7703
vn -0.6160 -0.1650 0.7703
vn -0.4509 -0.4509 0.7703
vn 0.1650 0.6160 0.7703
vn -0.6160 0.1650 0.7703
vn 0.1454 0.5427 0.8272
vn -0.1454 0.5427 0.8272
vn -0.1783 0.6655 0.7247
vn 0.1783 0.6655 0.7247
vn -0.5427 0.1454 0.8272
vn -0.5391 -0.1388 0.8307
vn -0.6655 -0.1783 0.7247
vn -0.6655 0.1783 0.7247
vn 0.5427 -0.1454 0.8272
vn 0.5427 0.1454 0.8272
vn 0.6655 0.1783 0.7247
vn 0.6655 -0.1783 0.7247
vn -0.1387 -0.5391 0.8307
vn 0.1454 -0.5427 0.8272
vn 0.1783 -0.6655 0.7247
vn -0.1783 -0.6655 0.7247
vn 0.3973 0.3973 0.8272
vn 0.4872 0.4872 0.7247
vn -0.3973 0.3973 0.8272
vn -0.4872 0.4872 0.7247
vn 0.3973 -0.3973 0.8272
vn 0.4872 -0.4872 0.7247
vn -0.3883 -0.3882 0.8358
vn -0.4872 -0.4872 0.7247
vn -0.2750 -0.4720 0.8376
vn -0.2750 -0.4720 -0.8376
vn 0.2562 0.9561 0.1420
vn 0.1691 0.6313 0.7568
vn 0.6999 0.6999 0.1420
vn 0.4621 0.4621 0.7568
vn 0.9561 0.2562 0.1420
vn 0.6313 0.1691 0.7568
vn -0.5427 -0.1454 0.8272
vn -0.1454 -0.5427 0.8272
vn -0.3973 -0.3973 0.8272
vn 0.9080 -0.3954 -0.1380
vn 0.5202 -0.8508 -0.0737
vn 0.5595 -0.8233 -0.0950
vn 0.9184 -0.3643 -0.1543
vn 0.6094 -0.6411 -0.4664
vn 0.3481 -0.8885 -0.2990
vn 0.5569 -0.3527 -0.7520
vn 0.5026 -0.7020 -0.5045
vn 0.4365 -0.6255 -0.6466
vn 0.5798 -0.8100 -0.0882
vn 0.5916 -0.7996 -0.1032
vn 0.4944 -0.8068 -0.3234
vn 0.0000 -0.7260 -0.6876
vn 0.0000 -0.2482 -0.9687
vn 0.7455 -0.3049 -0.5926
vn 0.4875 -0.8225 -0.2928
vn 0.5046 -0.5210 -0.6884
vn 0.3854 -0.8877 -0.2521
vn 0.4741 -0.8755 0.0924
vn 0.4338 -0.8983 -0.0692
vn 0.4393 -0.8958 -0.0675
vn 0.0000 -0.9595 -0.2816
vn 0.0884 -0.9897 -0.1128
vn 0.3164 -0.9194 -0.2337
vn 0.0631 -0.9952 0.0744
vn 0.0000 -0.9788 0.2046
vn 0.0925 -0.9861 -0.1383
vn 0.1762 -0.9604 -0.2158
vn 0.0000 -0.9808 -0.1951
vn 0.8082 0.5412 0.2322
vn 0.0000 0.9995 0.0313
vn 0.0000 0.9664 -0.2571
vn 0.8866 0.3635 -0.2859
vn -0.2151 0.7242 0.6551
vn 0.2564 -0.9590 -0.1202
vn 0.0000 -0.9928 -0.1194
vn 0.0000 -0.6176 -0.7865
vn 0.1744 -0.6481 -0.7412
vn 0.6896 0.7165 -0.1051
vn 0.9562 0.2817 -0.0786
vn 0.9236 0.2433 -0.2961
vn 0.4962 0.4505 -0.7421
vn 0.9955 -0.0350 -0.0883
vn 0.0000 -0.9840 0.1781
vn 0.8423 -0.4333 -0.3205
vn 0.0000 -0.8016 -0.5979
vn 0.0000 0.9900 0.1407
vn 0.0000 0.6005 0.7996
vn 0.0000 -0.9900 0.1407
vn 0.0000 -0.6005 0.7996
vn 0.9557 -0.2825 -0.0822
vn 0.6898 -0.7153 -0.1119
vn 0.2570 0.9598 -0.1123
vn 0.0000 0.9938 -0.1108
vn 0.0000 0.6363 0.7714
vn -0.5392 -0.1388 0.8307
vn 0.0000 -0.6363 0.7714
vn 0.4981 -0.4424 -0.7457
vn 0.1755 0.6543 -0.7356
vn 0.9236 -0.2375 -0.3011
vn 0.0000 0.8055 0.5926
vn 0.0000 0.9189 0.3944
vn -0.0884 -0.9305 -0.3554
vn -0.7313 0.1960 0.6532
vn -0.7313 -0.1960 0.6532
vn 0.2746 -0.4720 -0.8377
vn 0.2746 -0.4720 0.8377
vn 0.2723 0.4717 -0.8386
vn 0.2723 0.4717 0.8386
vn 0.5528 -0.0038 0.8333
vn 0.9377 -0.0424 0.3449
vn 0.5037 0.7609 0.4089
vn 0.4242 0.5636 0.7087
vn -0.9911 -0.1009 0.0870
vn -0.6999 -0.0553 0.7121
vn -0.2300 0.5636 0.7934
vn -0.5622 0.7939 0.2312
vn -0.3407 -0.9386 -0.0540
vn -0.2821 -0.9593 -0.0138
vn -0.2825 -0.9527 0.1119
vn -0.0598 -0.9931 -0.1004
vn 0.9517 -0.0080 0.3069
vn 0.0686 0.6053 0.7930
vn 0.3979 0.7837 0.4770
vn 0.5131 0.7576 0.4034
vn 0.1783 -0.9283 0.3264
vn 0.1966 -0.9261 0.3218
vn -0.2188 -0.9737 -0.0636
vn -0.3053 -0.9494 -0.0734
vn -0.4862 0.8647 -0.1259
vn -0.4822 0.8216 -0.3039
vn -0.7590 0.0573 -0.6485
vn -0.8615 -0.4590 -0.2172
vn -0.4823 0.8690 -0.1107
vn -0.8547 -0.4821 -0.1921
vn -0.5332 0.8297 -0.1651
vn -0.4320 0.8864 -0.1661
vn -0.8241 -0.1288 -0.5516
vn -0.9683 -0.0318 -0.2476
vn -0.4043 0.9135 0.0456
vn -0.4899 0.8717 0.0000
vn -0.9994 -0.0349 0.0000
vn -0.9522 0.0189 -0.3048
vn -0.6159 0.7278 -0.3015
vn -0.6159 0.7278 0.3015
vn 0.5725 -0.8174 -0.0632
vn -0.5276 0.8495 -0.0042
vn -0.9199 -0.0094 -0.3920
vn -0.7183 -0.2595 0.6455
vn 0.2245 -0.5999 0.7679
vn 0.5033 -0.8543 0.1295
vn -0.9294 0.2127 0.3015
vn -0.9294 0.2127 -0.3015
vn -0.4481 0.8925 -0.0514
vn -0.4802 0.8730 -0.0847
vn -0.4526 0.8884 -0.0766
vn -0.4823 0.8715 -0.0887
vn -0.3917 0.9199 0.0161
vn -0.4788 0.8747 -0.0754
vn -0.4127 0.9090 -0.0580
vn -0.0366 0.9833 0.1781
vn -0.4640 0.8802 -0.0998
vn -0.4242 0.9015 -0.0850
vn -0.0021 0.8655 -0.5008
vn -0.3757 0.7875 -0.4885
vn -0.2550 0.9565 0.1414
vn -0.1708 0.6315 0.7563
vn -0.6994 0.7005 0.1418
vn -0.4681 0.4747 0.7453
vn -0.9559 0.2568 0.1424
vn -0.6320 0.1739 0.7552
vn 0.5391 -0.1388 0.8307
vn 0.1387 -0.5391 0.8307
vn 0.3883 -0.3882 0.8358
vn 0.2750 -0.4720 -0.8376
vn 0.2750 -0.4720 0.8376
vn -0.9080 -0.3954 -0.1380
vn -0.9184 -0.3643 -0.1543
vn -0.5595 -0.8233 -0.0950
vn -0.5202 -0.8508 -0.0737
vn -0.6094 -0.6411 -0.4664
vn -0.3481 -0.8885 -0.2990
vn -0.5569 -0.3527 -0.7520
vn -0.5026 -0.7020 -0.5045
vn -0.5798 -0.8100 -0.0882
vn -0.4365 -0.6255 -0.6466
vn -0.5916 -0.7996 -0.1032
vn -0.4944 -0.8068 -0.3234
vn -0.4875 -0.8225 -0.2928
vn -0.7455 -0.3049 -0.5926
vn -0.5046 -0.5210 -0.6884
vn -0.3854 -0.8877 -0.2521
vn -0.4741 -0.8755 0.0924
vn -0.4393 -0.8958 -0.0675
vn -0.4338 -0.8983 -0.0692
vn -0.3164 -0.9194 -0.2337
vn -0.0884 -0.9897 -0.1128
vn -0.0631 -0.9952 0.0744
vn -0.0925 -0.9861 -0.1383
vn -0.1762 -0.9604 -0.2158
vn -0.8082 0.5412 0.2322
vn -0.8866 0.3635 -0.2859
vn 0.2151 0.7242 0.6551
vn -0.2564 -0.9590 -0.1202
vn -0.1744 -0.6481 -0.7412
vn -0.6896 0.7165 -0.1051
vn -0.4962 0.4505 -0.7421
vn -0.9236 0.2433 -0.2961
vn -0.9562 0.2817 -0.0786
vn -0.9955 -0.0350 -0.0883
vn -0.8423 -0.4333 -0.3205
vn -0.9557 -0.2825 -0.0822
vn -0.6898 -0.7153 -0.1119
vn -0.2570 0.9598 -0.1123
vn 0.5392 -0.1388 0.8307
vn -0.4981 -0.4424 -0.7457
vn -0.1755 0.6543 -0.7356
vn -0.9236 -0.2375 -0.3011
vn 0.0884 -0.9305 -0.3554
vn -0.4386 0.4386 -0.7843
vn -0.1605 0.5992 -0.7843
vn 0.0002 0.0000 -1.0000
vn 0.4386 0.4386 -0.7843
vn 0.5992 0.1605 -0.7843
vn 0.4386 -0.4386 -0.7843
vn 0.1605 -0.5992 -0.7843
vn -0.4386 -0.4386 -0.7843
vn -0.5992 -0.1605 -0.7843
vn 0.1605 0.5992 -0.7843
vn -0.5992 0.1605 -0.7843
vn 0.5992 -0.1605 -0.7843
vn -0.1605 -0.5992 -0.7843
vn -0.0002 0.0000 -1.0000
usemtl SpacecraftMaterial
s off
f 52/55/37 50/56/37 189/57/37 190/58/37
f 43/59/38 45/60/38 58/61/38 74/62/38
f 118/63/39 65/64/39 67/65/39
f 117/66/40 62/67/40 64/68/40
f 577/69/41 101/70/41 71/71/41 119/72/41
f 70/73/42 104/74/42 501/75/42 499/76/42
f 122/77/43 72/78/43 78/79/43 126/80/43
f 123/81/43 76/82/43 72/78/43 122/77/43
f 69/83/44 75/84/44 455/85/44 453/86/44
f 70/87/45 536/88/45 537/89/45
f 120/90/43 68/91/43 76/82/43 123/81/43
f 127/92/46 133/93/46 527/94/46 526/95/46
f 77/96/47 93/97/47 468/98/47 466/99/47
f 128/100/43 81/101/43 84/102/43 130/103/43
f 132/104/43 98/105/43 81/101/43 128/100/43
f 94/106/48 100/107/48 479/108/48 476/109/48
f 131/110/49 130/111/49 84/112/49 95/113/49
f 473/114/50 485/115/50 1044/116/50 96/117/50
f 127/92/46 624/118/46 628/119/46 129/120/46
f 481/121/51 131/122/51 95/123/51 480/124/51
f 126/80/43 78/79/43 98/105/43 132/104/43
f 133/93/46 125/125/46 525/126/46 527/94/46
f 103/127/42 68/128/42 498/129/42 500/130/42
f 117/131/41 66/132/41 101/70/41 577/69/41
f 107/133/52 108/134/52 112/135/52 111/136/52
f 114/137/53 113/138/53 55/139/53 56/140/53
f 110/141/54 109/142/54 113/138/54 114/137/54
f 108/143/37 110/144/37 114/145/37 112/146/37
f 109/147/38 107/148/38 111/149/38 113/150/38
f 112/146/37 114/145/37 56/151/37 116/152/37
f 113/150/38 111/149/38 115/153/38 55/154/38
f 111/136/43 112/135/43 489/155/43 488/156/43
f 65/64/42 118/63/42 502/157/42 497/158/42
f 482/159/55 77/160/55 125/161/55
f 481/121/56 1034/162/56 1040/163/56 485/164/56
f 80/165/57 127/92/57 129/120/57 83/166/57
f 130/167/58 131/168/58 473/169/58 478/170/58
f 73/171/46 121/172/46 125/125/46 77/173/46
f 97/174/59 133/93/59 127/92/59 80/165/59
f 69/175/46 119/176/46 124/177/46 75/178/46
f 139/179/60 130/180/60 486/181/60 487/182/60
f 120/183/42 70/73/42 499/76/42 503/184/42
f 75/178/46 124/177/46 121/172/46 73/171/46
f 66/185/40 117/66/40 64/68/40
f 87/186/37 63/187/37 67/188/37 86/189/37
f 61/190/39 118/63/39 67/65/39 63/191/39
f 684/192/43 137/193/43 140/194/43 687/195/43
f 687/195/43 140/194/43 138/196/43 685/197/43
f 685/197/43 138/196/43 139/198/43 686/199/43
f 683/200/43 136/201/43 135/202/43 682/203/43
f 682/203/43 135/202/43 137/193/43 684/192/43
f 70/204/61 120/205/61 136/201/61 683/200/61
f 59/206/38 37/207/38 99/208/38 145/209/38
f 37/207/38 39/210/38 82/211/38 99/208/38
f 41/212/38 43/59/38 74/62/38 79/213/38
f 55/214/38 115/215/38 146/216/38 144/217/38
f 39/210/38 41/212/38 79/213/38 82/211/38
f 115/215/38 59/206/38 145/209/38 146/216/38
f 53/218/38 55/214/38 144/217/38 143/219/38
f 51/220/38 53/218/38 143/219/38 142/221/38
f 49/222/38 51/220/38 142/221/38 141/223/38
f 47/224/38 49/222/38 141/223/38 57/225/38
f 45/60/38 47/224/38 57/225/38 58/61/38
f 154/226/38 155/227/38 167/228/38 166/229/38
f 152/230/38 151/231/38 163/232/38 164/233/38
f 156/234/38 158/235/38 170/236/38 168/237/38
f 149/238/38 148/239/38 160/240/38 161/241/38
f 153/242/38 154/226/38 166/229/38 165/243/38
f 157/244/38 152/230/38 164/233/38 169/245/38
f 150/246/38 149/238/38 161/241/38 162/247/38
f 147/248/38 153/242/38 165/243/38 159/249/38
f 155/227/38 156/234/38 168/237/38 167/228/38
f 151/231/38 150/246/38 162/247/38 163/232/38
f 158/235/38 157/244/38 169/245/38 170/236/38
f 148/239/38 147/248/38 159/249/38 160/240/38
f 182/250/38 181/251/38 253/252/38 254/253/38
f 50/56/37 48/254/37 188/255/37 189/57/37
f 116/256/37 56/257/37 192/258/37 194/259/37
f 48/254/37 46/260/37 187/261/37 188/255/37
f 46/260/37 44/262/37 186/263/37 187/261/37
f 38/264/37 60/265/37 193/266/37 183/267/37
f 40/268/37 38/264/37 183/267/37 184/269/37
f 44/262/37 42/270/37 185/271/37 186/263/37
f 42/270/37 40/268/37 184/269/37 185/271/37
f 60/265/37 116/256/37 194/259/37 193/266/37
f 56/257/37 54/272/37 191/273/37 192/258/37
f 54/272/37 52/55/37 190/58/37 191/273/37
f 199/274/37 198/275/37 222/276/37 223/277/37
f 206/278/37 204/279/37 228/280/37 230/281/37
f 196/282/37 195/283/37 219/284/37 220/285/37
f 203/286/37 202/287/37 226/288/37 227/289/37
f 200/290/37 199/274/37 223/277/37 224/291/37
f 205/292/37 206/278/37 230/281/37 229/293/37
f 197/294/62 196/282/62 220/285/62 221/295/62
f 204/279/37 203/286/37 227/289/37 228/280/37
f 201/296/37 200/290/37 224/291/37 225/297/37
f 198/275/63 197/294/63 221/295/63 222/276/63
f 195/283/37 205/292/37 229/293/37 219/284/37
f 202/287/37 201/296/37 225/297/37 226/288/37
f 172/298/38 171/299/38 243/300/38 244/301/38
f 178/302/38 179/303/38 251/304/38 250/305/38
f 176/306/38 175/307/38 247/308/38 248/309/38
f 180/310/38 182/250/38 254/253/38 252/311/38
f 173/312/38 172/298/38 244/301/38 245/313/38
f 177/314/38 178/302/38 250/305/38 249/315/38
f 181/251/38 176/306/38 248/309/38 253/252/38
f 174/316/38 173/312/38 245/313/38 246/317/38
f 171/299/38 177/314/38 249/315/38 243/300/38
f 179/303/38 180/310/38 252/311/38 251/304/38
f 175/307/38 174/316/38 246/317/38 247/308/38
f 265/318/38 260/319/38 272/320/38 277/321/38
f 258/322/38 257/323/38 269/324/38 270/325/38
f 255/326/38 261/327/38 273/328/38 267/329/38
f 263/330/38 264/331/38 276/332/38 275/333/38
f 259/334/38 258/322/38 270/325/38 271/335/38
f 266/336/38 265/318/38 277/321/38 278/337/38
f 256/338/38 255/326/38 267/329/38 268/339/38
f 262/340/38 263/330/38 275/333/38 274/341/38
f 260/319/38 259/334/38 271/335/38 272/320/38
f 264/331/38 266/336/38 278/337/38 276/332/38
f 257/323/38 256/338/38 268/339/38 269/324/38
f 261/327/38 262/340/38 274/341/38 273/328/38
f 295/342/37 293/343/37 362/344/37 363/345/37
f 286/346/38 288/347/38 301/348/38 304/349/38
f 311/350/64 310/351/64 298/352/64 299/353/64
f 309/354/37 311/355/37 299/356/37 313/357/37
f 310/358/38 308/359/38 312/360/38 298/361/38
f 308/362/43 309/363/43 313/364/43 312/365/43
f 302/366/38 280/367/38 307/368/38 318/369/38
f 280/367/38 282/370/38 306/371/38 307/368/38
f 284/372/38 286/346/38 304/349/38 305/373/38
f 298/374/38 312/375/38 319/376/38 317/377/38
f 282/370/38 284/372/38 305/373/38 306/371/38
f 312/375/38 302/366/38 318/369/38 319/376/38
f 296/378/38 298/374/38 317/377/38 316/379/38
f 294/380/38 296/378/38 316/379/38 315/381/38
f 292/382/38 294/380/38 315/381/38 314/383/38
f 290/384/38 292/382/38 314/383/38 300/385/38
f 288/347/38 290/384/38 300/385/38 301/348/38
f 327/386/38 328/387/38 340/388/38 339/389/38
f 325/390/38 324/391/38 336/392/38 337/393/38
f 329/394/38 331/395/38 343/396/38 341/397/38
f 322/398/38 321/399/38 333/400/38 334/401/38
f 326/402/38 327/386/38 339/389/38 338/403/38
f 330/404/38 325/390/38 337/393/38 342/405/38
f 323/406/38 322/398/38 334/401/38 335/407/38
f 320/408/38 326/402/38 338/403/38 332/409/38
f 328/387/38 329/394/38 341/397/38 340/388/38
f 324/391/38 323/406/38 335/407/38 336/392/38
f 331/395/38 330/404/38 342/405/38 343/396/38
f 321/399/38 320/408/38 332/409/38 333/400/38
f 355/410/38 354/411/38 426/412/38 427/413/38
f 342/414/65 337/415/65 349/416/65 354/417/65
f 343/418/66 342/414/66 354/417/66 355/419/66
f 293/343/37 291/420/37 361/421/37 362/344/37
f 313/422/37 299/423/37 365/424/37 367/425/37
f 291/420/37 289/426/37 360/427/37 361/421/37
f 289/426/37 287/428/37 359/429/37 360/427/37
f 281/430/37 303/431/37 366/432/37 356/433/37
f 283/434/37 281/430/37 356/433/37 357/435/37
f 287/428/37 285/436/37 358/437/37 359/429/37
f 285/436/37 283/434/37 357/435/37 358/437/37
f 303/431/37 313/422/37 367/425/37 366/432/37
f 299/423/37 297/438/37 364/439/37 365/424/37
f 297/438/37 295/342/37 363/345/37 364/439/37
f 372/440/37 371/441/37 395/442/37 396/443/37
f 379/444/37 377/445/37 401/446/37 403/447/37
f 369/448/37 368/449/37 392/450/37 393/451/37
f 376/452/37 375/453/37 399/454/37 400/455/37
f 373/456/37 372/440/37 396/443/37 397/457/37
f 378/458/37 379/444/37 403/447/37 402/459/37
f 370/460/37 369/448/37 393/451/37 394/461/37
f 377/445/37 376/452/37 400/455/37 401/446/37
f 374/462/37 373/456/37 397/457/37 398/463/37
f 371/441/37 370/460/37 394/461/37 395/442/37
f 368/449/37 378/458/37 402/459/37 392/450/37
f 375/453/37 374/462/37 398/463/37 399/454/37
f 345/464/38 344/465/38 416/466/38 417/467/38
f 351/468/38 352/469/38 424/470/38 423/471/38
f 349/472/38 348/473/38 420/474/38 421/475/38
f 353/476/38 355/410/38 427/413/38 425/477/38
f 346/478/38 345/464/38 417/467/38 418/479/38
f 350/480/38 351/468/38 423/471/38 422/481/38
f 354/411/38 349/472/38 421/475/38 426/412/38
f 347/482/38 346/478/38 418/479/38 419/483/38
f 344/465/38 350/480/38 422/481/38 416/466/38
f 352/469/38 353/476/38 425/477/38 424/470/38
f 348/473/38 347/482/38 419/483/38 420/474/38
f 438/484/38 433/485/38 445/486/38 450/487/38
f 431/488/38 430/489/38 442/490/38 443/491/38
f 428/492/38 434/493/38 446/494/38 440/495/38
f 436/496/38 437/497/38 449/498/38 448/499/38
f 432/500/38 431/488/38 443/491/38 444/501/38
f 439/502/38 438/484/38 450/487/38 451/503/38
f 429/504/38 428/492/38 440/495/38 441/505/38
f 435/506/38 436/496/38 448/499/38 447/507/38
f 433/485/38 432/500/38 444/501/38 445/486/38
f 437/497/38 439/502/38 451/503/38 449/498/38
f 430/489/38 429/504/38 441/505/38 442/490/38
f 434/493/38 435/506/38 447/507/38 446/494/38
f 62/508/67 309/509/67 308/510/67
f 310/511/68 311/512/68 117/513/68 577/514/68
f 117/515/37 311/516/37 309/517/37
f 62/508/69 308/510/69 102/518/69
f 117/515/37 309/517/37 62/519/37
f 453/520/70 455/521/70 461/522/70 459/523/70
f 90/524/44 92/525/44 458/526/44 457/527/44
f 92/525/44 89/528/44 456/529/44 458/526/44
f 73/530/44 90/524/44 457/527/44 454/531/44
f 75/84/44 73/530/44 454/531/44 455/85/44
f 458/532/71 456/533/71 462/534/71 464/535/71
f 455/521/70 454/536/70 460/537/70 461/522/70
f 454/536/37 457/538/37 463/539/37 460/537/37
f 457/538/71 458/532/71 464/535/71 463/539/71
f 73/530/47 77/96/47 466/99/47 465/540/47
f 93/97/47 90/524/47 467/541/47 468/98/47
f 468/542/72 467/543/72 471/544/72 472/545/72
f 466/546/73 468/542/73 472/545/73 470/547/73
f 465/548/74 466/546/74 470/547/74 469/549/74
f 97/174/75 482/550/75 125/125/75
f 480/551/76 95/552/76 477/553/76 474/554/76
f 95/555/77 94/106/77 476/109/77 477/556/77
f 1038/557/78 478/558/78 1043/559/78
f 100/107/79 93/560/79 475/561/79 479/108/79
f 471/562/47 469/563/47 470/564/47 472/565/47
f 90/524/47 73/530/47 465/540/47 467/541/47
f 467/543/80 465/548/80 469/549/80 471/544/80
f 462/566/44 459/567/44 461/568/44 464/569/44
f 464/569/44 461/568/44 460/570/44 463/571/44
f 456/533/38 453/520/38 459/523/38 462/534/38
f 93/572/81 77/573/81 482/574/81 475/575/81
f 89/528/44 69/83/44 453/86/44 456/529/44
f 630/576/82 130/577/82 478/578/82 1038/579/82
f 131/168/83 481/580/83 485/581/83 473/169/83
f 1044/582/84 1042/583/84 96/584/84
f 1042/583/85 1043/585/85 96/584/85
f 485/586/86 1040/587/86 1044/588/86
f 478/589/87 473/114/87 96/117/87 1043/590/87
f 486/591/88 1045/592/88 1047/593/88 487/594/88
f 686/595/89 139/179/89 487/182/89 1047/596/89
f 130/597/90 630/598/90 1045/599/90 486/600/90
f 489/601/91 491/602/91 495/603/91 493/604/91
f 112/135/43 116/605/43 491/606/43 489/155/43
f 115/607/43 111/136/43 488/156/43 490/608/43
f 116/605/43 115/607/43 490/608/43 491/606/43
f 492/609/43 493/604/43 495/603/43 494/610/43
f 488/611/92 489/601/92 493/604/92 492/609/92
f 490/612/93 488/611/93 492/609/93 494/610/93
f 491/602/94 490/612/94 494/610/94 495/603/94
f 496/613/95 134/614/95 511/615/95 512/616/95
f 500/617/96 498/618/96 505/619/96 507/620/96
f 503/621/37 499/622/37 506/623/37 509/624/37
f 118/63/42 61/190/42 496/625/42 502/157/42
f 104/74/42 65/64/42 497/158/42 501/75/42
f 61/190/42 103/127/42 500/130/42 496/625/42
f 68/128/42 120/183/42 503/184/42 498/129/42
f 510/626/97 507/627/97 505/628/97 509/629/97
f 134/630/98 496/631/98 500/632/98
f 508/633/97 510/626/97 509/629/97 506/634/97
f 504/635/99 497/636/99 513/637/99 515/638/99
f 499/622/100 501/639/100 508/640/100 506/623/100
f 498/618/37 503/641/37 509/642/37 505/619/37
f 511/643/101 516/644/101 522/645/101 517/646/101
f 514/647/43 512/648/43 518/649/43 520/650/43
f 502/651/102 496/613/102 512/616/102 514/652/102
f 497/636/102 502/651/102 514/652/102 513/637/102
f 134/614/103 524/653/103 516/654/103 511/615/103
f 524/653/103 504/635/103 515/638/103 516/654/103
f 520/655/37 518/656/37 517/657/37 522/658/37
f 519/659/37 520/655/37 522/658/37 521/660/37
f 512/648/104 511/643/104 517/646/104 518/649/104
f 515/661/105 513/662/105 519/663/105 521/664/105
f 516/644/101 515/661/101 521/664/101 522/645/101
f 513/662/43 514/647/43 520/650/43 519/663/43
f 510/665/38 508/640/38 501/639/38 523/666/38
f 500/617/38 507/620/38 510/667/38 523/668/38
f 501/669/106 497/670/106 504/671/106
f 133/93/46 97/174/46 125/125/46
f 624/118/46 127/92/46 526/95/46 1087/672/46
f 125/125/46 620/673/46 1086/674/46 525/126/46
f 530/675/46 1092/676/46 1091/677/46 529/678/46
f 528/679/46 643/680/46 1092/676/46 530/675/46
f 534/681/46 1098/682/46 1097/683/46 533/684/46
f 532/685/46 531/686/46 1098/682/46 534/681/46
f 533/684/46 1097/683/46 1099/687/46 535/688/46
f 537/689/107 539/690/107 71/691/107
f 549/692/37 548/693/37 560/694/37 561/695/37
f 546/696/37 1118/697/37 1134/698/37 558/699/37
f 550/700/37 549/692/37 561/695/37 562/701/37
f 547/702/62 546/696/62 558/699/62 559/703/62
f 551/704/37 550/700/37 562/701/37 563/705/37
f 548/693/63 547/702/63 559/703/63 560/694/63
f 1125/706/37 551/704/37 563/705/37 1141/707/37
f 70/87/108 683/708/108 536/88/108
f 537/689/109 538/709/109 539/690/109
f 102/710/110 308/711/110 310/712/110
f 577/713/111 102/710/111 310/712/111
f 523/714/112 501/715/112 504/716/112 524/717/112
f 500/718/112 523/714/112 524/717/112 134/719/112
f 593/720/37 743/721/37 742/722/37 591/723/37
f 584/724/38 615/725/38 599/726/38 586/727/38
f 665/728/39 608/729/39 606/730/39
f 664/731/40 605/732/40 603/733/40
f 1165/734/41 666/735/41 612/736/41 648/737/41
f 611/738/42 1060/739/42 1062/740/42 651/741/42
f 669/742/43 673/743/43 621/744/43 613/745/43
f 670/746/43 669/742/43 613/745/43 618/747/43
f 610/748/113 1006/749/113 1008/750/113 617/751/113
f 611/752/114 1106/753/114 1104/754/114
f 667/755/43 670/746/43 618/747/43 609/756/43
f 674/757/46 1089/758/46 1090/759/46 680/760/46
f 619/761/115 1019/762/115 1021/763/115 639/764/115
f 675/765/43 677/766/43 629/767/43 625/768/43
f 679/769/43 675/765/43 625/768/43 645/770/43
f 640/771/116 1029/772/116 1032/773/116 647/774/116
f 678/775/117 641/776/117 629/777/117 677/778/117
f 1026/779/118 642/780/118 1044/116/118 1041/781/118
f 674/757/46 676/782/46 628/119/46 624/118/46
f 1035/783/119 1033/784/119 641/785/119 678/786/119
f 673/743/43 679/769/43 645/770/43 621/744/43
f 680/760/46 1090/759/46 1088/787/46 672/788/46
f 650/789/42 1061/790/42 1059/791/42 609/792/42
f 664/793/41 1165/734/41 648/737/41 607/794/41
f 654/795/120 658/796/120 659/797/120 655/798/120
f 661/799/121 597/800/121 596/801/121 660/802/121
f 657/803/122 661/799/122 660/802/122 656/804/122
f 655/805/37 659/806/37 661/807/37 657/808/37
f 656/809/38 660/810/38 658/811/38 654/812/38
f 659/806/37 663/813/37 597/814/37 661/807/37
f 660/810/38 596/815/38 662/816/38 658/811/38
f 658/796/43 1049/817/43 1050/818/43 659/797/43
f 606/730/42 1058/819/42 1063/820/42 665/728/42
f 1036/821/55 672/822/55 619/823/55
f 1035/783/123 1041/824/123 1040/163/123 1034/162/123
f 623/825/124 627/826/124 676/782/124 674/757/124
f 677/827/125 1031/828/125 1026/829/125 678/830/125
f 614/831/46 619/832/46 672/788/46 668/833/46
f 644/834/126 623/825/126 674/757/126 680/760/126
f 610/835/46 617/836/46 671/837/46 666/838/46
f 692/839/127 1048/840/127 1046/841/127 677/842/127
f 667/843/42 1064/844/42 1060/739/42 611/738/42
f 617/836/46 614/831/46 668/833/46 671/837/46
f 607/845/40 605/732/40 664/731/40
f 633/846/37 632/847/37 608/848/37 604/849/37
f 602/850/39 604/851/39 608/729/39 665/728/39
f 684/192/43 687/195/43 693/852/43 690/853/43
f 687/195/43 685/197/43 691/854/43 693/852/43
f 685/197/43 686/199/43 692/855/43 691/854/43
f 683/200/43 682/203/43 688/856/43 689/857/43
f 682/203/43 684/192/43 690/853/43 688/856/43
f 611/858/128 683/200/128 689/857/128 667/859/128
f 600/860/38 698/861/38 646/862/38 578/863/38
f 578/863/38 646/862/38 626/864/38 580/865/38
f 582/866/38 622/867/38 615/725/38 584/724/38
f 596/868/38 697/869/38 699/870/38 662/871/38
f 580/865/38 626/864/38 622/867/38 582/866/38
f 662/871/38 699/870/38 698/861/38 600/860/38
f 594/872/38 696/873/38 697/869/38 596/868/38
f 592/874/38 695/875/38 696/873/38 594/872/38
f 590/876/38 694/877/38 695/875/38 592/874/38
f 588/878/38 598/879/38 694/877/38 590/876/38
f 586/727/38 599/726/38 598/879/38 588/878/38
f 707/880/38 719/881/38 720/882/38 708/883/38
f 705/884/38 717/885/38 716/886/38 704/887/38
f 709/888/38 721/889/38 723/890/38 711/891/38
f 702/892/38 714/893/38 713/894/38 701/895/38
f 706/896/38 718/897/38 719/881/38 707/880/38
f 710/898/38 722/899/38 717/885/38 705/884/38
f 703/900/38 715/901/38 714/893/38 702/892/38
f 700/902/38 712/903/38 718/897/38 706/896/38
f 708/883/38 720/882/38 721/889/38 709/888/38
f 704/887/38 716/886/38 715/901/38 703/900/38
f 711/891/38 723/890/38 722/899/38 710/898/38
f 701/895/38 713/894/38 712/903/38 700/902/38
f 735/904/38 807/905/38 806/906/38 734/907/38
f 591/723/37 742/722/37 741/908/37 589/909/37
f 663/910/37 747/911/37 745/912/37 597/913/37
f 589/909/37 741/908/37 740/914/37 587/915/37
f 587/915/37 740/914/37 739/916/37 585/917/37
f 579/918/37 736/919/37 746/920/37 601/921/37
f 581/922/37 737/923/37 736/919/37 579/918/37
f 585/917/37 739/916/37 738/924/37 583/925/37
f 583/925/37 738/924/37 737/923/37 581/922/37
f 601/921/37 746/920/37 747/911/37 663/910/37
f 597/913/37 745/912/37 744/926/37 595/927/37
f 595/927/37 744/926/37 743/721/37 593/720/37
f 752/928/37 776/929/37 775/930/37 751/931/37
f 759/932/37 783/933/37 781/934/37 757/935/37
f 749/936/37 773/937/37 772/938/37 748/939/37
f 756/940/37 780/941/37 779/942/37 755/943/37
f 753/944/37 777/945/37 776/929/37 752/928/37
f 758/946/37 782/947/37 783/933/37 759/932/37
f 750/948/129 774/949/129 773/937/129 749/936/129
f 757/935/37 781/934/37 780/941/37 756/940/37
f 754/950/37 778/951/37 777/945/37 753/944/37
f 751/931/130 775/930/130 774/949/130 750/948/130
f 748/939/37 772/938/37 782/947/37 758/946/37
f 755/943/37 779/942/37 778/951/37 754/950/37
f 725/952/38 797/953/38 796/954/38 724/955/38
f 731/956/38 803/957/38 804/958/38 732/959/38
f 729/960/38 801/961/38 800/962/38 728/963/38
f 733/964/38 805/965/38 807/905/38 735/904/38
f 726/966/38 798/967/38 797/953/38 725/952/38
f 730/968/38 802/969/38 803/957/38 731/956/38
f 734/907/38 806/906/38 801/961/38 729/960/38
f 727/970/38 799/971/38 798/967/38 726/966/38
f 724/955/38 796/954/38 802/969/38 730/968/38
f 732/959/38 804/958/38 805/965/38 733/964/38
f 728/963/38 800/962/38 799/971/38 727/970/38
f 818/972/38 830/973/38 825/974/38 813/975/38
f 811/976/38 823/977/38 822/978/38 810/979/38
f 808/980/38 820/981/38 826/982/38 814/983/38
f 816/984/38 828/985/38 829/986/38 817/987/38
f 812/988/38 824/989/38 823/977/38 811/976/38
f 819/990/38 831/991/38 830/973/38 818/972/38
f 809/992/38 821/993/38 820/981/38 808/980/38
f 815/994/38 827/995/38 828/985/38 816/984/38
f 813/975/38 825/974/38 824/989/38 812/988/38
f 817/987/38 829/986/38 831/991/38 819/990/38
f 810/979/38 822/978/38 821/993/38 809/992/38
f 814/983/38 826/982/38 827/995/38 815/994/38
f 848/996/37 916/997/37 915/998/37 846/999/37
f 839/1000/38 857/1001/38 854/1002/38 841/1003/38
f 864/1004/131 852/1005/131 851/1006/131 863/1007/131
f 862/1008/37 866/1009/37 852/1010/37 864/1011/37
f 863/1012/38 851/1013/38 865/1014/38 861/1015/38
f 861/1016/43 865/1017/43 866/1018/43 862/1019/43
f 855/1020/38 871/1021/38 860/1022/38 833/1023/38
f 833/1023/38 860/1022/38 859/1024/38 835/1025/38
f 837/1026/38 858/1027/38 857/1001/38 839/1000/38
f 851/1028/38 870/1029/38 872/1030/38 865/1031/38
f 835/1025/38 859/1024/38 858/1027/38 837/1026/38
f 865/1031/38 872/1030/38 871/1021/38 855/1020/38
f 849/1032/38 869/1033/38 870/1029/38 851/1028/38
f 847/1034/38 868/1035/38 869/1033/38 849/1032/38
f 845/1036/38 867/1037/38 868/1035/38 847/1034/38
f 843/1038/38 853/1039/38 867/1037/38 845/1036/38
f 841/1003/38 854/1002/38 853/1039/38 843/1038/38
f 880/1040/38 892/1041/38 893/1042/38 881/1043/38
f 878/1044/38 890/1045/38 889/1046/38 877/1047/38
f 882/1048/38 894/1049/38 896/1050/38 884/1051/38
f 875/1052/38 887/1053/38 886/1054/38 874/1055/38
f 879/1056/38 891/1057/38 892/1041/38 880/1040/38
f 883/1058/38 895/1059/38 890/1045/38 878/1044/38
f 876/1060/38 888/1061/38 887/1053/38 875/1052/38
f 873/1062/38 885/1063/38 891/1057/38 879/1056/38
f 881/1043/38 893/1042/38 894/1049/38 882/1048/38
f 877/1047/38 889/1046/38 888/1061/38 876/1060/38
f 884/1051/38 896/1050/38 895/1059/38 883/1058/38
f 874/1055/38 886/1054/38 885/1063/38 873/1062/38
f 908/1064/38 980/1065/38 979/1066/38 907/1067/38
f 895/1068/132 907/1069/132 902/1070/132 890/1071/132
f 896/1072/133 908/1073/133 907/1069/133 895/1068/133
f 846/999/37 915/998/37 914/1074/37 844/1075/37
f 866/1076/37 920/1077/37 918/1078/37 852/1079/37
f 844/1075/37 914/1074/37 913/1080/37 842/1081/37
f 842/1081/37 913/1080/37 912/1082/37 840/1083/37
f 834/1084/37 909/1085/37 919/1086/37 856/1087/37
f 836/1088/37 910/1089/37 909/1085/37 834/1084/37
f 840/1083/37 912/1082/37 911/1090/37 838/1091/37
f 838/1091/37 911/1090/37 910/1089/37 836/1088/37
f 856/1087/37 919/1086/37 920/1077/37 866/1076/37
f 852/1079/37 918/1078/37 917/1092/37 850/1093/37
f 850/1093/37 917/1092/37 916/997/37 848/996/37
f 925/1094/37 949/1095/37 948/1096/37 924/1097/37
f 932/1098/37 956/1099/37 954/1100/37 930/1101/37
f 922/1102/37 946/1103/37 945/1104/37 921/1105/37
f 929/1106/37 953/1107/37 952/1108/37 928/1109/37
f 926/1110/37 950/1111/37 949/1095/37 925/1094/37
f 931/1112/37 955/1113/37 956/1099/37 932/1098/37
f 923/1114/37 947/1115/37 946/1103/37 922/1102/37
f 930/1101/37 954/1100/37 953/1107/37 929/1106/37
f 927/1116/37 951/1117/37 950/1111/37 926/1110/37
f 924/1097/37 948/1096/37 947/1115/37 923/1114/37
f 921/1105/37 945/1104/37 955/1113/37 931/1112/37
f 928/1109/37 952/1108/37 951/1117/37 927/1116/37
f 898/1118/38 970/1119/38 969/1120/38 897/1121/38
f 904/1122/38 976/1123/38 977/1124/38 905/1125/38
f 902/1126/38 974/1127/38 973/1128/38 901/1129/38
f 906/1130/38 978/1131/38 980/1065/38 908/1064/38
f 899/1132/38 971/1133/38 970/1119/38 898/1118/38
f 903/1134/38 975/1135/38 976/1123/38 904/1122/38
f 907/1067/38 979/1066/38 974/1127/38 902/1126/38
f 900/1136/38 972/1137/38 971/1133/38 899/1132/38
f 897/1121/38 969/1120/38 975/1135/38 903/1134/38
f 905/1125/38 977/1124/38 978/1131/38 906/1130/38
f 901/1129/38 973/1128/38 972/1137/38 900/1136/38
f 991/1138/38 1003/1139/38 998/1140/38 986/1141/38
f 984/1142/38 996/1143/38 995/1144/38 983/1145/38
f 981/1146/38 993/1147/38 999/1148/38 987/1149/38
f 989/1150/38 1001/1151/38 1002/1152/38 990/1153/38
f 985/1154/38 997/1155/38 996/1143/38 984/1142/38
f 992/1156/38 1004/1157/38 1003/1139/38 991/1138/38
f 982/1158/38 994/1159/38 993/1147/38 981/1146/38
f 988/1160/38 1000/1161/38 1001/1151/38 989/1150/38
f 986/1141/38 998/1140/38 997/1155/38 985/1154/38
f 990/1153/38 1002/1152/38 1004/1157/38 992/1156/38
f 983/1145/38 995/1144/38 994/1159/38 982/1158/38
f 987/1149/38 999/1148/38 1000/1161/38 988/1160/38
f 603/1162/134 861/1163/134 862/1164/134
f 863/1165/135 1165/1166/135 664/1167/135 864/1168/135
f 664/1169/37 862/1170/37 864/1171/37
f 603/1162/136 649/1172/136 861/1163/136
f 664/1169/37 603/1173/37 862/1170/37
f 1006/1174/137 1012/1175/137 1014/1176/137 1008/1177/137
f 636/1178/113 1010/1179/113 1011/1180/113 638/1181/113
f 638/1181/113 1011/1180/113 1009/1182/113 635/1183/113
f 614/1184/113 1007/1185/113 1010/1179/113 636/1178/113
f 617/751/113 1008/750/113 1007/1185/113 614/1184/113
f 1011/1186/138 1017/1187/138 1015/1188/138 1009/1189/138
f 1008/1177/137 1014/1176/137 1013/1190/137 1007/1191/137
f 1007/1191/37 1013/1190/37 1016/1192/37 1010/1193/37
f 1010/1193/138 1016/1192/138 1017/1187/138 1011/1186/138
f 614/1184/115 1018/1194/115 1019/762/115 619/761/115
f 639/764/115 1021/763/115 1020/1195/115 636/1178/115
f 1021/1196/139 1025/1197/139 1024/1198/139 1020/1199/139
f 1019/1200/140 1023/1201/140 1025/1197/140 1021/1196/140
f 1018/1202/141 1022/1203/141 1023/1201/141 1019/1200/141
f 644/834/142 672/788/142 1036/1204/142
f 1033/1205/143 1027/1206/143 1030/1207/143 641/1208/143
f 641/1209/144 1030/1210/144 1029/772/144 640/771/144
f 1038/557/145 1043/559/145 1031/1211/145
f 647/774/146 1032/773/146 1028/1212/146 639/1213/146
f 1024/1214/115 1025/1215/115 1023/1216/115 1022/1217/115
f 636/1178/115 1020/1195/115 1018/1194/115 614/1184/115
f 1020/1199/147 1024/1198/147 1022/1203/147 1018/1202/147
f 1015/1218/113 1017/1219/113 1014/1220/113 1012/1221/113
f 1017/1219/113 1016/1222/113 1013/1223/113 1014/1220/113
f 1009/1189/38 1015/1188/38 1012/1175/38 1006/1174/38
f 639/1224/148 1028/1225/148 1036/1226/148 619/1227/148
f 635/1183/113 1009/1182/113 1006/749/113 610/748/113
f 630/576/149 1038/579/149 1031/1228/149 677/1229/149
f 678/830/150 1026/829/150 1041/1230/150 1035/1231/150
f 1044/582/151 642/1232/151 1042/583/151
f 1042/583/152 642/1232/152 1043/585/152
f 1041/1233/153 1044/588/153 1040/587/153
f 1031/1234/154 1043/590/154 642/780/154 1026/779/154
f 1046/1235/155 1048/1236/155 1047/593/155 1045/592/155
f 686/595/156 1047/596/156 1048/840/156 692/839/156
f 677/1237/157 1046/1238/157 1045/599/157 630/598/157
f 1050/1239/91 1054/1240/91 1056/1241/91 1052/1242/91
f 659/797/43 1050/818/43 1052/1243/43 663/1244/43
f 662/1245/43 1051/1246/43 1049/817/43 658/796/43
f 663/1244/43 1052/1243/43 1051/1246/43 662/1245/43
f 1053/1247/43 1055/1248/43 1056/1241/43 1054/1240/43
f 1049/1249/94 1053/1247/94 1054/1240/94 1050/1239/94
f 1051/1250/93 1055/1248/93 1053/1247/93 1049/1249/93
f 1052/1242/92 1056/1241/92 1055/1248/92 1051/1250/92
f 1057/1251/158 1073/1252/158 1072/1253/158 681/1254/158
f 1061/1255/159 1068/1256/159 1066/1257/159 1059/1258/159
f 1064/1259/37 1070/1260/37 1067/1261/37 1060/1262/37
f 665/728/42 1063/820/42 1057/1263/42 602/850/42
f 651/741/42 1062/740/42 1058/819/42 606/730/42
f 602/850/42 1057/1263/42 1061/790/42 650/789/42
f 609/792/42 1059/791/42 1064/844/42 667/843/42
f 1071/1264/97 1070/1265/97 1066/1266/97 1068/1267/97
f 681/1268/160 1061/1269/160 1057/1270/160
f 1069/1271/97 1067/1272/97 1070/1265/97 1071/1264/97
f 1065/1273/161 1076/1274/161 1074/1275/161 1058/1276/161
f 1060/1262/162 1067/1261/162 1069/1277/162 1062/1278/162
f 1059/1258/37 1066/1257/37 1070/1279/37 1064/1280/37
f 1072/1281/101 1078/1282/101 1083/1283/101 1077/1284/101
f 1075/1285/43 1081/1286/43 1079/1287/43 1073/1288/43
f 1063/1289/102 1075/1290/102 1073/1252/102 1057/1251/102
f 1058/1276/102 1074/1275/102 1075/1290/102 1063/1289/102
f 681/1254/103 1072/1253/103 1077/1291/103 1085/1292/103
f 1085/1292/103 1077/1291/103 1076/1274/103 1065/1273/103
f 1081/1293/37 1083/1294/37 1078/1295/37 1079/1296/37
f 1080/1297/37 1082/1298/37 1083/1294/37 1081/1293/37
f 1073/1288/105 1079/1287/105 1078/1282/105 1072/1281/105
f 1076/1299/104 1082/1300/104 1080/1301/104 1074/1302/104
f 1077/1284/101 1083/1283/101 1082/1300/101 1076/1299/101
f 1074/1302/43 1080/1301/43 1081/1286/43 1075/1285/43
f 1071/1303/38 1084/1304/38 1062/1278/38 1069/1277/38
f 1061/1255/38 1084/1305/38 1071/1306/38 1068/1256/38
f 1062/1307/163 1065/1308/163 1058/1309/163
f 680/760/46 672/788/46 644/834/46
f 624/118/46 1087/672/46 1089/758/46 674/757/46
f 672/788/46 1088/787/46 1086/674/46 620/673/46
f 1095/1310/46 1094/1311/46 1091/677/46 1092/676/46
f 1093/1312/46 1095/1310/46 1092/676/46 643/680/46
f 1102/1313/46 1101/1314/46 1097/683/46 1098/682/46
f 1100/1315/46 1102/1313/46 1098/682/46 1096/1316/46
f 1101/1314/46 1103/1317/46 1099/687/46 1097/683/46
f 1106/1318/164 612/1319/164 1108/1320/164
f 1122/1321/37 1138/1322/37 1137/1323/37 1121/1324/37
f 1119/1325/37 1135/1326/37 1134/698/37 1118/697/37
f 1123/1327/37 1139/1328/37 1138/1322/37 1122/1321/37
f 1120/1329/129 1136/1330/129 1135/1326/129 1119/1325/129
f 1124/1331/37 1140/1332/37 1139/1328/37 1123/1327/37
f 1121/1324/130 1137/1323/130 1136/1330/130 1120/1329/130
f 1125/706/37 1141/707/37 1140/1332/37 1124/1331/37
f 611/752/165 1104/754/165 683/708/165
f 1106/1318/166 1108/1320/166 1107/1333/166
f 649/1334/167 863/1335/167 861/1336/167
f 1165/1337/111 863/1335/111 649/1334/111
f 1084/1338/112 1085/1339/112 1065/1340/112 1062/1341/112
f 1061/1342/112 681/1343/112 1085/1339/112 1084/1338/112
s 1
f 37/1344/168 38/1345/169 40/1346/170 39/1347/171
f 39/1347/171 40/1346/170 42/1348/172 41/1349/173
f 41/1349/173 42/1348/172 44/1350/174 43/1351/175
f 43/1351/175 44/1350/174 46/1352/176 45/1353/177
f 45/1354/177 46/1355/176 48/1356/178 47/1357/179
f 47/1357/179 48/1356/178 50/1358/180 49/1359/181
f 49/1359/181 50/1358/180 52/1360/182 51/1361/183
f 51/1361/183 52/1360/182 54/1362/184 53/1363/185
f 53/1363/185 54/1362/184 56/1364/186 55/1365/187
f 115/1366/188 116/1367/189 60/1368/190 59/1369/191
f 59/1369/191 60/1368/190 38/1345/169 37/1344/168
f 86/1370/192 67/1371/193 65/1372/194 88/1373/195
f 85/1374/196 61/1375/197 63/1376/198 87/1377/199
f 124/1378/200 119/1379/201 532/1380/202 534/1381/203
f 105/1382/204 104/1383/205 70/1384/206 537/1385/207
f 71/1386/208 616/1387/209 1098/1388/210 531/1389/211
f 121/1390/212 124/1378/200 534/1381/203 533/1391/213
f 81/1392/214 94/1393/215 95/1394/216 84/1395/217
f 98/1396/218 100/1397/219 94/1393/215 81/1392/214
f 72/1398/220 90/1399/221 93/1400/222 78/1401/223
f 68/1402/224 89/1403/225 92/1404/226 76/1405/227
f 72/1398/220 76/1405/227 108/1406/228 107/1407/229
f 101/1408/230 105/1409/204 537/1410/207 71/1411/208
f 103/1412/231 106/1413/232 89/1403/225 68/1402/224
f 62/1414/233 85/1415/196 87/1416/199 64/1417/234
f 64/1418/234 86/1419/192 88/1420/195 66/1421/235
f 78/1401/223 93/1400/222 100/1397/219 98/1396/218
f 61/1375/197 85/1374/196 106/1413/232 103/1412/231
f 66/1421/235 88/1420/195 105/1409/204 101/1408/230
f 88/1373/195 65/1372/194 104/1383/205 105/1382/204
f 76/1405/227 92/1404/226 110/1422/236 108/1406/228
f 92/1404/226 90/1399/221 109/1423/237 110/1422/236
f 90/1399/221 72/1398/220 107/1407/229 109/1423/237
f 132/1424/238 128/1425/239 138/1426/240 140/1427/238
f 64/1428/234 87/1429/199 86/1430/192
f 123/1431/241 122/1432/242 135/1433/243 136/1434/244
f 120/1435/245 123/1431/241 136/1434/244
f 126/1436/246 132/1424/238 140/1427/238 137/1437/247
f 122/1432/242 126/1436/246 137/1437/247 135/1433/243
f 128/1425/239 130/1438/248 139/1439/249 138/1426/240
f 58/1440/250 57/1441/251 147/1442/179 148/1443/177
f 99/1444/252 82/1445/253 151/1446/171 152/1447/168
f 145/1448/254 99/1449/252 152/1450/168 157/1451/191
f 74/1452/255 58/1440/250 148/1443/177 149/1453/175
f 143/1454/256 144/1455/257 156/1456/258 155/1457/185
f 79/1458/259 74/1459/255 149/1460/175 150/1461/173
f 141/1462/260 142/1463/261 154/1464/183 153/1465/181
f 146/1466/262 145/1448/254 157/1451/191 158/1467/263
f 57/1441/251 141/1468/260 153/1469/181 147/1442/179
f 142/1463/261 143/1454/256 155/1457/185 154/1464/183
f 82/1445/253 79/1458/259 150/1461/173 151/1446/171
f 144/1455/257 146/1466/262 158/1467/263 156/1456/258
f 160/1470/250 159/1471/251 171/1472/179 172/1473/177
f 166/1474/261 167/1475/256 179/1476/185 178/1477/183
f 164/1478/252 163/1479/253 175/1480/171 176/1481/168
f 168/1482/257 170/1483/262 182/1484/263 180/1485/258
f 161/1486/255 160/1470/250 172/1473/177 173/1487/175
f 165/1488/260 166/1474/261 178/1477/183 177/1489/181
f 169/1490/254 164/1491/252 176/1492/168 181/1493/191
f 162/1494/259 161/1486/255 173/1487/175 174/1495/173
f 159/1471/251 165/1488/260 177/1489/181 171/1472/179
f 167/1475/256 168/1482/257 180/1485/258 179/1476/185
f 163/1479/253 162/1494/259 174/1495/173 175/1480/171
f 170/1483/262 169/1490/254 181/1493/191 182/1484/263
f 208/1496/264 207/1497/265 204/1498/266 206/1499/267
f 210/1500/268 209/1501/269 195/1502/270 196/1503/271
f 212/1504/272 211/1505/273 202/1506/274 203/1507/275
f 214/1508/276 213/1509/277 199/1510/278 200/1511/279
f 215/1512/280 208/1496/264 206/1499/267 205/1513/281
f 216/1514/282 210/1500/268 196/1503/271 197/1515/283
f 207/1497/265 212/1504/272 203/1507/275 204/1498/266
f 217/1516/284 214/1508/276 200/1511/279 201/1517/285
f 218/1518/286 216/1514/282 197/1515/283 198/1519/287
f 209/1520/269 215/1512/280 205/1513/281 195/1521/270
f 211/1505/273 217/1516/284 201/1517/285 202/1506/274
f 213/1509/277 218/1518/286 198/1519/287 199/1510/278
f 187/1522/288 186/1523/289 218/1518/286 213/1509/277
f 190/1524/290 189/1525/291 217/1516/284 211/1505/273
f 183/1526/292 193/1527/293 215/1512/280 209/1520/269
f 186/1523/289 185/1528/294 216/1514/282 218/1518/286
f 189/1525/291 188/1529/295 214/1508/276 217/1516/284
f 192/1530/296 191/1531/297 212/1504/272 207/1497/265
f 185/1528/294 184/1532/298 210/1500/268 216/1514/282
f 193/1527/293 194/1533/299 208/1496/264 215/1512/280
f 188/1529/295 187/1522/288 213/1509/277 214/1508/276
f 191/1531/297 190/1524/290 211/1505/273 212/1504/272
f 184/1532/298 183/1534/292 209/1501/269 210/1500/268
f 194/1533/299 192/1530/296 207/1497/265 208/1496/264
f 226/1535/300 225/1536/301 237/1537/302 238/1538/303
f 223/1539/304 222/1540/305 234/1541/306 235/1542/307
f 230/1543/308 228/1544/309 240/1545/310 242/1546/311
f 220/1547/312 219/1548/313 231/1549/314 232/1550/315
f 227/1551/316 226/1535/300 238/1538/303 239/1552/317
f 224/1553/318 223/1539/304 235/1542/307 236/1554/319
f 229/1555/320 230/1543/308 242/1546/311 241/1556/321
f 221/1557/322 220/1547/312 232/1550/315 233/1558/323
f 228/1544/309 227/1551/316 239/1552/317 240/1545/310
f 225/1536/301 224/1553/318 236/1554/319 237/1537/302
f 222/1540/305 221/1557/322 233/1558/323 234/1541/306
f 219/1559/313 229/1555/320 241/1556/321 231/1560/314
f 246/1561/259 245/1562/255 257/1563/175 258/1564/173
f 243/1565/251 249/1566/260 261/1567/181 255/1568/179
f 251/1569/256 252/1570/257 264/1571/258 263/1572/185
f 247/1573/253 246/1561/259 258/1564/173 259/1574/171
f 254/1575/262 253/1576/254 265/1577/191 266/1578/263
f 244/1579/250 243/1565/251 255/1568/179 256/1580/177
f 250/1581/261 251/1569/256 263/1572/185 262/1582/183
f 248/1583/252 247/1573/253 259/1574/171 260/1584/168
f 252/1570/257 254/1575/262 266/1578/263 264/1571/258
f 245/1562/255 244/1579/250 256/1580/177 257/1563/175
f 249/1566/260 250/1581/261 262/1582/183 261/1567/181
f 253/1576/254 248/1585/252 260/1586/168 265/1577/191
f 280/1587/168 281/1588/169 283/1589/170 282/1590/171
f 282/1590/171 283/1589/170 285/1591/172 284/1592/173
f 284/1592/173 285/1591/172 287/1593/174 286/1594/175
f 286/1595/175 287/1596/174 289/1597/176 288/1598/177
f 288/1598/177 289/1597/176 291/1599/178 290/1600/179
f 290/1600/179 291/1599/178 293/1601/180 292/1602/181
f 292/1602/181 293/1601/180 295/1603/182 294/1604/183
f 294/1604/183 295/1603/182 297/1605/184 296/1606/185
f 296/1606/185 297/1605/184 299/1607/324 298/1608/325
f 312/1609/188 313/1610/189 303/1611/190 302/1612/191
f 302/1612/191 303/1611/190 281/1588/169 280/1587/168
f 301/1613/250 300/1614/251 320/1615/179 321/1616/177
f 307/1617/252 306/1618/253 324/1619/171 325/1620/168
f 318/1621/254 307/1622/252 325/1623/168 330/1624/191
f 304/1625/255 301/1613/250 321/1616/177 322/1626/175
f 316/1627/256 317/1628/257 329/1629/258 328/1630/185
f 305/1631/259 304/1632/255 322/1633/175 323/1634/173
f 314/1635/260 315/1636/261 327/1637/183 326/1638/181
f 319/1639/262 318/1621/254 330/1624/191 331/1640/263
f 300/1614/251 314/1641/260 326/1642/181 320/1615/179
f 315/1636/261 316/1627/256 328/1630/185 327/1637/183
f 306/1618/253 305/1631/259 323/1634/173 324/1619/171
f 317/1628/257 319/1639/262 331/1640/263 329/1629/258
f 333/1643/250 332/1644/251 344/1645/179 345/1646/177
f 339/1647/261 340/1648/256 352/1649/185 351/1650/183
f 337/1651/252 336/1652/253 348/1653/171 349/1654/168
f 341/1655/257 343/418/262 355/419/263 353/1656/258
f 334/1657/255 333/1643/250 345/1646/177 346/1658/175
f 338/1659/260 339/1647/261 351/1650/183 350/1660/181
f 335/1661/259 334/1657/255 346/1658/175 347/1662/173
f 332/1644/251 338/1659/260 350/1660/181 344/1645/179
f 340/1648/256 341/1655/257 353/1656/258 352/1649/185
f 336/1652/253 335/1661/259 347/1662/173 348/1653/171
f 381/1663/264 380/1664/265 377/1665/266 379/1666/267
f 383/1667/326 382/1668/269 368/1669/270 369/1670/327
f 385/1671/272 384/1672/273 375/1673/274 376/1674/275
f 387/1675/276 386/1676/277 372/1677/278 373/1678/279
f 388/1679/280 381/1663/264 379/1666/267 378/1680/281
f 389/1681/328 383/1667/326 369/1670/327 370/1682/329
f 380/1664/265 385/1671/272 376/1674/275 377/1665/266
f 390/1683/284 387/1675/276 373/1678/279 374/1684/285
f 391/1685/330 389/1681/328 370/1682/329 371/1686/331
f 382/1687/269 388/1679/280 378/1680/281 368/1688/270
f 384/1672/273 390/1683/284 374/1684/285 375/1673/274
f 386/1676/277 391/1685/330 371/1686/331 372/1677/278
f 360/1689/288 359/1690/289 391/1685/330 386/1676/277
f 363/1691/290 362/1692/291 390/1683/284 384/1672/273
f 356/1693/292 366/1694/293 388/1679/280 382/1687/269
f 359/1690/289 358/1695/294 389/1681/328 391/1685/330
f 362/1692/291 361/1696/295 387/1675/276 390/1683/284
f 365/1697/296 364/1698/297 385/1671/272 380/1664/265
f 358/1695/294 357/1699/298 383/1667/326 389/1681/328
f 366/1694/293 367/1700/299 381/1663/264 388/1679/280
f 361/1696/295 360/1689/288 386/1676/277 387/1675/276
f 364/1698/297 363/1691/290 384/1672/273 385/1671/272
f 357/1699/298 356/1701/292 382/1668/269 383/1667/326
f 367/1700/299 365/1697/296 380/1664/265 381/1663/264
f 399/1702/300 398/1703/301 410/1704/302 411/1705/303
f 396/1706/304 395/1707/332 407/1708/306 408/1709/307
f 403/1710/308 401/1711/309 413/1712/310 415/1713/311
f 393/1714/333 392/1715/313 404/1716/314 405/1717/315
f 400/1718/316 399/1702/300 411/1705/303 412/1719/317
f 397/1720/318 396/1706/304 408/1709/307 409/1721/319
f 402/1722/320 403/1710/308 415/1713/311 414/1723/321
f 394/1724/334 393/1714/333 405/1717/315 406/1725/323
f 401/1711/309 400/1718/316 412/1719/317 413/1712/310
f 398/1703/301 397/1720/318 409/1721/319 410/1704/302
f 395/1707/332 394/1724/334 406/1725/323 407/1708/306
f 392/1726/313 402/1722/320 414/1723/321 404/1727/314
f 419/1728/259 418/1729/255 430/1730/175 431/1731/173
f 416/1732/251 422/1733/260 434/1734/181 428/1735/179
f 424/1736/256 425/1737/257 437/1738/258 436/1739/185
f 420/1740/253 419/1728/259 431/1731/173 432/1741/171
f 427/1742/262 426/1743/254 438/1744/191 439/1745/263
f 417/1746/250 416/1732/251 428/1735/179 429/1747/177
f 423/1748/261 424/1736/256 436/1739/185 435/1749/183
f 421/1750/252 420/1740/253 432/1741/171 433/1751/168
f 425/1737/257 427/1742/262 439/1745/263 437/1738/258
f 418/1729/255 417/1746/250 429/1747/177 430/1730/175
f 422/1733/260 423/1748/261 435/1749/183 434/1734/181
f 426/1743/254 421/1752/252 433/1753/168 438/1744/191
f 484/1754/335 97/1755/336 80/1756/337 483/1757/338
f 483/1757/338 80/1756/337 474/1758/339
f 80/1759/337 83/1760/340 474/1761/339
f 83/1762/340 480/1763/341 474/1764/339
f 475/1765/342 482/1766/343 484/1754/335 479/1767/344
f 476/1768/345 483/1757/338 474/1758/339 477/1769/346
f 479/1767/344 484/1754/335 483/1757/338 476/1768/345
f 628/1770/347 1034/1771/348 481/1772/349 129/1773/350
f 85/1415/196 62/1414/233 102/1774/351 106/1775/232
f 129/1773/350 481/1772/349 480/1763/341 83/1762/340
f 482/1766/343 97/1755/336 484/1754/335
f 106/1775/232 102/1774/351 69/83/352 89/528/225
f 528/1776/353 530/1777/354 527/1778/355
f 1087/1779/356 526/1780/357 529/1781/358 1091/1782/356
f 525/1783/359 1086/1784/360 643/1785/360 528/1776/353
f 526/1780/357 527/1778/355 529/1781/358
f 527/1778/355 530/1777/354 529/1781/358
f 525/1783/359 528/1776/353 527/1778/355
f 119/1379/201 71/1386/208 531/1389/211 532/1380/202
f 125/1786/361 121/1390/212 533/1391/213 535/1787/362
f 620/1788/363 125/1786/361 535/1787/362 1099/1789/363
f 576/1790/364 1161/1791/365 1154/1792/366 91/1793/367
f 536/1794/368 576/1795/364 537/1796/207
f 545/1797/369 1117/1798/370 1162/1799/371 575/1800/372
f 541/1801/373 542/1802/374 572/1803/375 571/1804/376
f 537/1805/207 576/1806/364 91/1807/367 538/1808/377
f 1163/1809/378 71/1810/208 539/1811/379 1109/1812/380
f 552/1813/268 1126/1814/381 1118/1815/382 546/1816/271
f 554/1817/276 553/1818/277 549/1819/278 550/1820/279
f 555/1821/282 552/1813/268 546/1816/271 547/1822/283
f 556/1823/284 554/1817/276 550/1820/279 551/1824/285
f 557/1825/286 555/1821/282 547/1822/283 548/1826/287
f 1128/1827/383 556/1823/284 551/1824/285 1125/1828/384
f 553/1818/277 557/1825/286 548/1826/287 549/1819/278
f 543/1829/385 542/1802/374 557/1825/286 553/1818/277
f 1117/1798/370 545/1797/369 556/1823/284 1128/1827/383
f 542/1802/374 541/1801/373 555/1821/282 557/1825/286
f 545/1797/369 544/1830/386 554/1817/276 556/1823/284
f 541/1801/373 540/1831/387 552/1813/268 555/1821/282
f 544/1830/386 543/1829/385 553/1818/277 554/1817/276
f 540/1831/387 1110/1832/388 1126/1814/381 552/1813/268
f 1141/1833/389 563/1834/301 569/1835/302 1149/1836/389
f 561/1837/304 560/1838/390 566/1839/306 567/1840/307
f 558/1841/312 1134/1842/391 1142/1843/391 564/1844/315
f 562/1845/318 561/1837/304 567/1840/307 568/1846/319
f 559/1847/322 558/1841/312 564/1844/315 565/1848/323
f 563/1834/301 562/1845/318 568/1846/319 569/1835/302
f 560/1838/390 559/1847/322 565/1848/323 566/1839/306
f 544/1830/386 545/1797/369 575/1800/372 574/1849/392
f 540/1831/387 541/1801/373 571/1804/376 570/1850/393
f 543/1829/385 544/1830/386 574/1849/392 573/1851/394
f 1110/1832/388 540/1831/387 570/1850/393 1154/1852/366
f 542/1802/374 543/1829/385 573/1851/394 572/1803/375
f 538/1853/377 572/1854/375 573/1855/394
f 539/1856/379 573/1855/394 574/1857/392
f 1109/1858/380 574/1859/392 575/1860/372
f 538/1853/377 573/1855/394 539/1856/379
f 91/1861/367 572/1854/375 538/1853/377
f 1109/1858/380 539/1862/379 574/1859/392
f 1109/1858/380 575/1860/372 1162/1863/371
f 91/1861/367 571/1864/376 572/1854/375
f 616/1865/209 71/1810/208 1163/1809/378
f 571/1866/376 1154/1867/366 570/1868/393
f 571/1866/376 91/1869/367 1154/1867/366
f 536/1870/368 1105/1871/395 1161/1791/365 576/1790/364
f 683/1872/396 1105/1873/395 536/1874/368
f 69/175/352 102/1875/351 577/1876/397 119/176/201
f 578/1877/171 580/1878/168 581/1879/169 579/1880/170
f 580/1878/168 582/1881/191 583/1882/190 581/1879/169
f 582/1881/191 584/1883/263 585/1884/398 583/1882/190
f 584/1883/263 586/1885/258 587/1886/399 585/1884/398
f 586/1887/258 588/1888/185 589/1889/184 587/1890/399
f 588/1888/185 590/1891/183 591/1892/182 589/1889/184
f 590/1891/183 592/1893/181 593/1894/180 591/1892/182
f 592/1893/181 594/1895/179 595/1896/178 593/1894/180
f 594/1895/179 596/1897/400 597/1898/401 595/1896/178
f 662/1899/402 600/1900/173 601/1901/172 663/1902/403
f 600/1900/173 578/1877/171 579/1880/170 601/1901/172
f 632/1903/404 634/1904/405 606/1905/406 608/1906/407
f 631/1907/408 633/1908/409 604/1909/410 602/1910/411
f 671/1911/412 1102/1912/413 1100/1913/414 666/1914/415
f 652/1915/416 1106/1916/417 611/1917/418 651/1918/419
f 612/1919/420 1096/1920/421 1098/1388/210 616/1387/209
f 668/1921/422 1101/1922/423 1102/1912/413 671/1911/412
f 625/1923/424 629/1924/425 641/1925/426 640/1926/427
f 645/1927/428 625/1923/424 640/1926/427 647/1928/429
f 613/1929/430 621/1930/431 639/1931/432 636/1932/433
f 609/1933/434 618/1934/435 638/1935/436 635/1936/437
f 613/1929/430 654/1937/438 655/1938/439 618/1934/435
f 648/1939/440 612/1940/420 1106/1941/417 652/1942/416
f 650/1943/441 609/1933/434 635/1936/437 653/1944/442
f 603/1945/443 605/1946/444 633/1947/409 631/1948/408
f 605/1949/444 607/1950/445 634/1951/405 632/1952/404
f 621/1930/431 645/1927/428 647/1928/429 639/1931/432
f 602/1910/411 650/1943/441 653/1944/442 631/1907/408
f 607/1950/445 648/1939/440 652/1942/416 634/1951/405
f 634/1904/405 652/1915/416 651/1918/419 606/1905/406
f 618/1934/435 655/1938/439 657/1953/446 638/1935/436
f 638/1935/436 657/1953/446 656/1954/447 636/1932/433
f 636/1932/433 656/1954/447 654/1937/438 613/1929/430
f 679/1955/448 693/1956/448 691/1957/449 675/1958/450
f 605/1959/444 632/1960/404 633/1961/409
f 670/1962/451 689/1963/452 688/1964/453 669/1965/454
f 667/1966/455 689/1963/452 670/1962/451
f 673/1967/456 690/1968/457 693/1956/448 679/1955/448
f 669/1965/454 688/1964/453 690/1968/457 673/1967/456
f 675/1958/450 691/1957/449 692/1969/458 677/1970/459
f 599/1971/257 701/1972/258 700/1973/185 598/1974/256
f 646/1975/253 705/1976/171 704/1977/168 626/1978/252
f 698/1979/259 710/1980/173 705/1981/171 646/1982/253
f 615/1983/262 702/1984/263 701/1972/258 599/1971/257
f 696/1985/251 708/1986/179 709/1987/177 697/1988/250
f 622/1989/254 703/1990/191 702/1991/263 615/1992/262
f 694/1993/261 706/1994/183 707/1995/181 695/1996/260
f 699/1997/255 711/1998/175 710/1980/173 698/1979/259
f 598/1974/256 700/1973/185 706/1999/183 694/2000/261
f 695/1996/260 707/1995/181 708/1986/179 696/1985/251
f 626/1978/252 704/1977/168 703/1990/191 622/1989/254
f 697/1988/250 709/1987/177 711/1998/175 699/1997/255
f 713/2001/257 725/2002/258 724/2003/185 712/2004/256
f 719/2005/260 731/2006/181 732/2007/179 720/2008/251
f 717/2009/253 729/2010/171 728/2011/168 716/2012/252
f 721/2013/250 733/2014/177 735/2015/175 723/2016/255
f 714/2017/262 726/2018/263 725/2002/258 713/2001/257
f 718/2019/261 730/2020/183 731/2006/181 719/2005/260
f 722/2021/259 734/2022/173 729/2023/171 717/2024/253
f 715/2025/254 727/2026/191 726/2018/263 714/2017/262
f 712/2004/256 724/2003/185 730/2020/183 718/2019/261
f 720/2008/251 732/2007/179 733/2014/177 721/2013/250
f 716/2012/252 728/2011/168 727/2026/191 715/2025/254
f 723/2016/255 735/2015/175 734/2022/173 722/2021/259
f 761/2027/330 759/2028/331 757/2029/278 760/2030/277
f 763/2031/460 749/2032/461 748/2033/327 762/2034/326
f 765/2035/276 756/2036/279 755/2037/285 764/2038/284
f 767/2039/272 753/2040/275 752/2041/266 766/2042/265
f 768/2043/328 758/2044/329 759/2028/331 761/2027/330
f 769/2045/462 750/2046/463 749/2032/461 763/2031/460
f 760/2030/277 757/2029/278 756/2036/279 765/2035/276
f 770/2047/273 754/2048/274 753/2040/275 767/2039/272
f 771/2049/464 751/2050/465 750/2046/463 769/2045/462
f 762/2051/326 748/2052/327 758/2044/329 768/2043/328
f 764/2038/284 755/2037/285 754/2048/274 770/2047/273
f 766/2042/265 752/2041/266 751/2050/465 771/2049/464
f 740/2053/296 766/2042/265 771/2049/464 739/2054/299
f 743/2055/291 764/2038/284 770/2047/273 742/2056/290
f 736/2057/298 762/2051/326 768/2043/328 746/2058/294
f 739/2054/299 771/2049/464 769/2045/462 738/2059/293
f 742/2056/290 770/2047/273 767/2039/272 741/2060/297
f 745/2061/288 760/2030/277 765/2035/276 744/2062/295
f 738/2059/293 769/2045/462 763/2031/460 737/2063/292
f 746/2058/294 768/2043/328 761/2027/330 747/2064/289
f 741/2060/297 767/2039/272 766/2042/265 740/2053/296
f 744/2062/295 765/2035/276 764/2038/284 743/2055/291
f 737/2063/292 763/2031/460 762/2034/326 736/2065/298
f 747/2064/289 761/2027/330 760/2030/277 745/2061/288
f 779/2066/301 791/2067/302 790/2068/303 778/2069/300
f 776/2070/309 788/2071/310 787/2072/311 775/2073/466
f 783/2074/332 795/2075/306 793/2076/307 781/2077/304
f 773/2078/467 785/2079/314 784/2080/315 772/2081/333
f 780/2082/318 792/2083/319 791/2067/302 779/2066/301
f 777/2084/316 789/2085/317 788/2071/310 776/2070/309
f 782/2086/334 794/2087/323 795/2075/306 783/2074/332
f 774/2088/468 786/2089/321 785/2079/314 773/2078/467
f 781/2077/304 793/2076/307 792/2083/319 780/2082/318
f 778/2069/300 790/2068/303 789/2085/317 777/2084/316
f 775/2073/466 787/2072/311 786/2089/321 774/2088/468
f 772/2090/333 784/2091/315 794/2087/323 782/2086/334
f 799/2092/254 811/2093/191 810/2094/263 798/2095/262
f 796/2096/256 808/2097/185 814/2098/183 802/2099/261
f 804/2100/251 816/2101/179 817/2102/177 805/2103/250
f 800/2104/252 812/2105/168 811/2093/191 799/2092/254
f 807/2106/255 819/2107/175 818/2108/173 806/2109/259
f 797/2110/257 809/2111/258 808/2097/185 796/2096/256
f 803/2112/260 815/2113/181 816/2101/179 804/2100/251
f 801/2114/253 813/2115/171 812/2105/168 800/2104/252
f 805/2103/250 817/2102/177 819/2107/175 807/2106/255
f 798/2095/262 810/2094/263 809/2111/258 797/2110/257
f 802/2099/261 814/2098/183 815/2113/181 803/2112/260
f 806/2109/259 818/2108/173 813/2116/171 801/2117/253
f 833/2118/171 835/2119/168 836/2120/169 834/2121/170
f 835/2119/168 837/2122/191 838/2123/190 836/2120/169
f 837/2122/191 839/2124/263 840/2125/398 838/2123/190
f 839/2126/263 841/2127/258 842/2128/399 840/2129/398
f 841/2127/258 843/2130/185 844/2131/184 842/2128/399
f 843/2130/185 845/2132/183 846/2133/182 844/2131/184
f 845/2132/183 847/2134/181 848/2135/180 846/2133/182
f 847/2134/181 849/2136/179 850/2137/178 848/2135/180
f 849/2136/179 851/2138/469 852/2139/470 850/2137/178
f 865/2140/402 855/2141/173 856/2142/172 866/2143/403
f 855/2141/173 833/2118/171 834/2121/170 856/2142/172
f 854/2144/257 874/2145/258 873/2146/185 853/2147/256
f 860/2148/253 878/2149/171 877/2150/168 859/2151/252
f 871/2152/259 883/2153/173 878/2154/171 860/2155/253
f 857/2156/262 875/2157/263 874/2145/258 854/2144/257
f 869/2158/251 881/2159/179 882/2160/177 870/2161/250
f 858/2162/254 876/2163/191 875/2164/263 857/2165/262
f 867/2166/261 879/2167/183 880/2168/181 868/2169/260
f 872/2170/255 884/2171/175 883/2153/173 871/2152/259
f 853/2147/256 873/2146/185 879/2172/183 867/2173/261
f 868/2169/260 880/2168/181 881/2159/179 869/2158/251
f 859/2151/252 877/2150/168 876/2163/191 858/2162/254
f 870/2161/250 882/2160/177 884/2171/175 872/2170/255
f 886/2174/257 898/2175/258 897/2176/185 885/2177/256
f 892/2178/260 904/2179/181 905/2180/179 893/2181/251
f 890/2182/253 902/2183/171 901/2184/168 889/2185/252
f 894/2186/250 906/2187/177 908/1073/175 896/1072/255
f 887/2188/262 899/2189/263 898/2175/258 886/2174/257
f 891/2190/261 903/2191/183 904/2179/181 892/2178/260
f 888/2192/254 900/2193/191 899/2189/263 887/2188/262
f 885/2177/256 897/2176/185 903/2191/183 891/2190/261
f 893/2181/251 905/2180/179 906/2187/177 894/2186/250
f 889/2185/252 901/2184/168 900/2193/191 888/2192/254
f 934/2194/330 932/2195/331 930/2196/278 933/2197/277
f 936/2198/269 922/2199/270 921/2200/327 935/2201/326
f 938/2202/276 929/2203/279 928/2204/285 937/2205/284
f 940/2206/272 926/2207/275 925/2208/266 939/2209/265
f 941/2210/328 931/2211/329 932/2195/331 934/2194/330
f 942/2212/280 923/2213/281 922/2199/270 936/2198/269
f 933/2197/277 930/2196/278 929/2203/279 938/2202/276
f 943/2214/273 927/2215/274 926/2207/275 940/2206/272
f 944/2216/264 924/2217/267 923/2213/281 942/2212/280
f 935/2218/326 921/2219/327 931/2211/329 941/2210/328
f 937/2205/284 928/2204/285 927/2215/274 943/2214/273
f 939/2209/265 925/2208/266 924/2217/267 944/2216/264
f 913/2220/296 939/2209/265 944/2216/264 912/2221/299
f 916/2222/291 937/2205/284 943/2214/273 915/2223/290
f 909/2224/298 935/2218/326 941/2210/328 919/2225/294
f 912/2221/299 944/2216/264 942/2212/280 911/2226/293
f 915/2223/290 943/2214/273 940/2206/272 914/2227/297
f 918/2228/288 933/2197/277 938/2202/276 917/2229/295
f 911/2226/293 942/2212/280 936/2198/269 910/2230/292
f 919/2225/294 941/2210/328 934/2194/330 920/2231/289
f 914/2227/297 940/2206/272 939/2209/265 913/2220/296
f 917/2229/295 938/2202/276 937/2205/284 916/2222/291
f 910/2230/292 936/2198/269 935/2201/326 909/2232/298
f 920/2231/289 934/2194/330 933/2197/277 918/2228/288
f 952/2233/301 964/2234/302 963/2235/303 951/2236/300
f 949/2237/309 961/2238/310 960/2239/311 948/2240/308
f 956/2241/332 968/2242/306 966/2243/307 954/2244/304
f 946/2245/313 958/2246/314 957/2247/315 945/2248/333
f 953/2249/318 965/2250/319 964/2234/302 952/2233/301
f 950/2251/316 962/2252/317 961/2238/310 949/2237/309
f 955/2253/334 967/2254/323 968/2242/306 956/2241/332
f 947/2255/320 959/2256/321 958/2246/314 946/2245/313
f 954/2244/304 966/2243/307 965/2250/319 953/2249/318
f 951/2236/300 963/2235/303 962/2252/317 950/2251/316
f 948/2240/308 960/2239/311 959/2256/321 947/2255/320
f 945/2257/333 957/2258/315 967/2254/323 955/2253/334
f 972/2259/254 984/2260/191 983/2261/263 971/2262/262
f 969/2263/256 981/2264/185 987/2265/183 975/2266/261
f 977/2267/251 989/2268/179 990/2269/177 978/2270/250
f 973/2271/252 985/2272/168 984/2260/191 972/2259/254
f 980/2273/255 992/2274/175 991/2275/173 979/2276/259
f 970/2277/257 982/2278/258 981/2264/185 969/2263/256
f 976/2279/260 988/2280/181 989/2268/179 977/2267/251
f 974/2281/253 986/2282/171 985/2272/168 973/2271/252
f 978/2270/250 990/2269/177 992/2274/175 980/2273/255
f 971/2262/262 983/2261/263 982/2278/258 970/2277/257
f 975/2266/261 987/2265/183 988/2280/181 976/2279/260
f 979/2276/259 991/2275/173 986/2283/171 974/2284/253
f 1039/2285/471 1037/2286/472 623/2287/473 644/2288/474
f 1037/2286/472 1027/2289/475 623/2287/473
f 623/2290/473 1027/2291/475 627/2292/476
f 627/2293/476 1027/2294/475 1033/2295/477
f 1028/2296/478 1032/2297/479 1039/2285/471 1036/2298/480
f 1029/2299/481 1030/2300/482 1027/2289/475 1037/2286/472
f 1032/2297/479 1029/2299/481 1037/2286/472 1039/2285/471
f 628/1770/347 676/2301/483 1035/2302/484 1034/1771/348
f 631/1948/408 653/2303/442 649/2304/485 603/1945/443
f 676/2301/483 627/2293/476 1033/2295/477 1035/2302/484
f 1036/2298/480 1039/2285/471 644/2288/474
f 653/2303/442 635/1183/437 610/748/486 649/2304/485
f 1093/2305/487 1090/2306/488 1095/2307/489
f 1087/1779/356 1091/1782/356 1094/2308/490 1089/2309/491
f 1088/2310/492 1093/2305/487 643/1785/360 1086/1784/360
f 1089/2309/491 1094/2308/490 1090/2306/488
f 1090/2306/488 1094/2308/490 1095/2307/489
f 1088/2310/492 1090/2306/488 1093/2305/487
f 666/1914/415 1100/1913/414 1096/1920/421 612/1919/420
f 672/2311/493 1103/2312/494 1101/1922/423 668/1921/422
f 620/1788/363 1099/1789/363 1103/2312/494 672/2311/493
f 1164/2313/495 637/2314/496 1154/1792/366 1161/1791/365
f 1104/2315/497 1106/2316/417 1164/2317/495
f 1116/2318/498 1160/2319/499 1162/1799/371 1117/1798/370
f 1112/2320/500 1156/2321/501 1157/2322/502 1113/2323/503
f 1106/2324/417 1107/2325/504 637/2326/496 1164/2327/495
f 1163/1809/378 1109/1812/380 1108/2328/505 612/2329/420
f 1127/2330/460 1119/2331/461 1118/1815/382 1126/1814/381
f 1130/2332/272 1123/2333/275 1122/2334/266 1129/2335/265
f 1131/2336/462 1120/2337/463 1119/2331/461 1127/2330/460
f 1132/2338/273 1124/2339/274 1123/2333/275 1130/2332/272
f 1133/2340/464 1121/2341/465 1120/2337/463 1131/2336/462
f 1128/1827/383 1125/1828/384 1124/2339/274 1132/2338/273
f 1129/2335/265 1122/2334/266 1121/2341/465 1133/2340/464
f 1114/2342/506 1129/2335/265 1133/2340/464 1113/2323/503
f 1117/1798/370 1128/1827/383 1132/2338/273 1116/2318/498
f 1113/2323/503 1133/2340/464 1131/2336/462 1112/2320/500
f 1116/2318/498 1132/2338/273 1130/2332/272 1115/2343/507
f 1112/2320/500 1131/2336/462 1127/2330/460 1111/2344/508
f 1115/2343/507 1130/2332/272 1129/2335/265 1114/2342/506
f 1111/2344/508 1127/2330/460 1126/1814/381 1110/1832/388
f 1141/1833/389 1149/1836/389 1148/2345/303 1140/2346/300
f 1138/2347/309 1146/2348/310 1145/2349/311 1137/2350/509
f 1135/2351/467 1143/2352/314 1142/1843/391 1134/1842/391
f 1139/2353/316 1147/2354/317 1146/2348/310 1138/2347/309
f 1136/2355/468 1144/2356/321 1143/2352/314 1135/2351/467
f 1140/2346/300 1148/2345/303 1147/2354/317 1139/2353/316
f 1137/2350/509 1145/2349/311 1144/2356/321 1136/2355/468
f 1115/2343/507 1159/2357/510 1160/2319/499 1116/2318/498
f 1111/2344/508 1155/2358/511 1156/2321/501 1112/2320/500
f 1114/2342/506 1158/2359/512 1159/2357/510 1115/2343/507
f 1110/1832/388 1154/1852/366 1155/2358/511 1111/2344/508
f 1113/2323/503 1157/2322/502 1158/2359/512 1114/2342/506
f 1107/2360/504 1158/2361/512 1157/2362/502
f 1108/2363/505 1159/2364/510 1158/2361/512
f 1109/1858/380 1160/2365/499 1159/2366/510
f 1107/2360/504 1108/2363/505 1158/2361/512
f 637/2367/496 1107/2360/504 1157/2362/502
f 1109/1858/380 1159/2366/510 1108/2368/505
f 1109/1858/380 1162/1863/371 1160/2365/499
f 637/2367/496 1157/2362/502 1156/2369/501
f 616/1865/209 1163/1809/378 612/2329/420
f 1156/2370/501 1155/2371/511 1154/1867/366
f 1156/2370/501 1154/1867/366 637/2372/496
f 1104/2373/497 1164/2313/495 1161/1791/365 1105/1871/395
f 683/1872/396 1104/2374/497 1105/1873/395
f 610/835/486 666/838/415 1165/2375/513 649/2376/485
usemtl ColorMate
s off
f 232/2377/37 231/2378/37 241/2379/37 242/2380/37 240/2381/37 239/2382/37 238/2383/37 237/2384/37 236/2385/37 235/2386/37 234/2387/37 233/2388/37
f 405/2389/37 404/2390/37 414/2391/37 415/2392/37 413/2393/37 412/2394/37 411/2395/37 410/2396/37 409/2397/37 408/2398/37 407/2399/37 406/2400/37
f 564/2401/37 1142/2402/37 1152/2403/37 1153/2404/37 1151/2405/37 1150/2406/37 1149/2407/37 569/2408/37 568/2409/37 567/2410/37 566/2411/37 565/2412/37
f 785/2413/37 786/2414/37 787/2415/37 788/2416/37 789/2417/37 790/2418/37 791/2419/37 792/2420/37 793/2421/37 795/2422/37 794/2423/37 784/2424/37
f 958/2425/37 959/2426/37 960/2427/37 961/2428/37 962/2429/37 963/2430/37 964/2431/37 965/2432/37 966/2433/37 968/2434/37 967/2435/37 957/2436/37
f 1143/2437/37 1144/2438/37 1145/2439/37 1146/2440/37 1147/2441/37 1148/2442/37 1149/2407/37 1150/2406/37 1151/2405/37 1153/2404/37 1152/2403/37 1142/2402/37
usemtl ColorBrillante
s 1
f 277/2443/514 272/2444/515 279/2445/516
f 270/2446/517 269/2447/518 279/2445/516
f 267/2448/519 273/2449/520 279/2445/516
f 275/2450/521 276/2451/522 279/2445/516
f 271/2452/523 270/2446/517 279/2445/516
f 278/2453/524 277/2443/514 279/2445/516
f 268/2454/525 267/2448/519 279/2445/516
f 274/2455/526 275/2450/521 279/2445/516
f 272/2456/515 271/2452/523 279/2445/516
f 276/2451/522 278/2453/524 279/2445/516
f 269/2447/518 268/2454/525 279/2445/516
f 273/2449/520 274/2455/526 279/2445/516
f 450/2457/514 445/2458/515 452/2459/516
f 443/2460/517 442/2461/518 452/2459/516
f 440/2462/519 446/2463/520 452/2459/516
f 448/2464/521 449/2465/522 452/2459/516
f 444/2466/523 443/2460/517 452/2459/516
f 451/2467/524 450/2457/514 452/2459/516
f 441/2468/525 440/2462/519 452/2459/516
f 447/2469/526 448/2464/521 452/2459/516
f 445/2470/515 444/2466/523 452/2459/516
f 449/2465/522 451/2467/524 452/2459/516
f 442/2461/518 441/2468/525 452/2459/516
f 446/2463/520 447/2469/526 452/2459/516
f 830/2471/517 832/2472/527 825/2473/523
f 823/2474/514 832/2472/527 822/2475/524
f 820/2476/521 832/2472/527 826/2477/526
f 828/2478/519 832/2472/527 829/2479/525
f 824/2480/515 832/2472/527 823/2474/514
f 831/2481/518 832/2472/527 830/2471/517
f 821/2482/522 832/2472/527 820/2476/521
f 827/2483/520 832/2472/527 828/2478/519
f 825/2484/523 832/2472/527 824/2480/515
f 829/2479/525 832/2472/527 831/2481/518
f 822/2475/524 832/2472/527 821/2482/522
f 826/2477/526 832/2472/527 827/2483/520
f 1003/2485/517 1005/2486/527 998/2487/523
f 996/2488/514 1005/2486/527 995/2489/524
f 993/2490/521 1005/2486/527 999/2491/526
f 1001/2492/519 1005/2486/527 1002/2493/525
f 997/2494/515 1005/2486/527 996/2488/514
f 1004/2495/518 1005/2486/527 1003/2485/517
f 994/2496/522 1005/2486/527 993/2490/521
f 1000/2497/520 1005/2486/527 1001/2492/519
f 998/2498/523 1005/2486/527 997/2494/515
f 1002/2493/525 1005/2486/527 1004/2495/518
f 995/2489/524 1005/2486/527 994/2496/522
f 999/2491/526 1005/2486/527 1000/2497/520
